[     370ms] [INFO] %cDownload the React DevTools for a better development experience: https://react.dev/link/react-devtools font-weight:bold @ http://localhost:5173/node_modules/.vite/deps/react-dom_client.js?v=e42ceb9e:14336
[     413ms] [LOG] [impeccable] Live variant mode ready. Hover over elements to pick one. @ http://localhost:8400/live.js:8761
[     816ms] [LOG] [impeccable] Live mode connected. @ http://localhost:8400/live.js:4625
[     843ms] [ERROR] Failed to load resource: the server responded with a status of 404 (Not Found) @ http://localhost:5173/favicon.ico:0
[     860ms] [LOG] [impeccable] SSE connection lost. Retry 1/20... @ http://localhost:8400/live.js:4695
[     903ms] [INFO] %cDownload the React DevTools for a better development experience: https://react.dev/link/react-devtools font-weight:bold @ http://localhost:5173/node_modules/.vite/deps/react-dom_client.js?v=e42ceb9e:14336
[     926ms] [LOG] [impeccable] Live variant mode ready. Hover over elements to pick one. @ http://localhost:8400/live.js:8761
[    1068ms] [LOG] [impeccable] Live mode connected. @ http://localhost:8400/live.js:4625
[    1119ms] [LOG] [impeccable] SSE connection lost. Retry 1/20... @ http://localhost:8400/live.js:4695
[    1181ms] [INFO] %cDownload the React DevTools for a better development experience: https://react.dev/link/react-devtools font-weight:bold @ http://localhost:5173/node_modules/.vite/deps/react-dom_client.js?v=e42ceb9e:14336
[    1202ms] [LOG] [impeccable] Live variant mode ready. Hover over elements to pick one. @ http://localhost:8400/live.js:8761
[    1330ms] [LOG] [impeccable] Live mode connected. @ http://localhost:8400/live.js:4625
[    1376ms] [LOG] [impeccable] SSE connection lost. Retry 1/20... @ http://localhost:8400/live.js:4695
[    1422ms] [INFO] %cDownload the React DevTools for a better development experience: https://react.dev/link/react-devtools font-weight:bold @ http://localhost:5173/node_modules/.vite/deps/react-dom_client.js?v=e42ceb9e:14336
[    1443ms] [LOG] [impeccable] Live variant mode ready. Hover over elements to pick one. @ http://localhost:8400/live.js:8761
[    1557ms] [LOG] [impeccable] Live mode connected. @ http://localhost:8400/live.js:4625
[    1578ms] [LOG] [impeccable] SSE connection lost. Retry 1/20... @ http://localhost:8400/live.js:4695
[    1623ms] [INFO] %cDownload the React DevTools for a better development experience: https://react.dev/link/react-devtools font-weight:bold @ http://localhost:5173/node_modules/.vite/deps/react-dom_client.js?v=e42ceb9e:14336
[    1644ms] [LOG] [impeccable] Live variant mode ready. Hover over elements to pick one. @ http://localhost:8400/live.js:8761
[    1794ms] [LOG] [impeccable] Live mode connected. @ http://localhost:8400/live.js:4625
[    2151ms] [LOG] [impeccable] SSE connection lost. Retry 1/20... @ http://localhost:8400/live.js:4695
[    2203ms] [INFO] %cDownload the React DevTools for a better development experience: https://react.dev/link/react-devtools font-weight:bold @ http://localhost:5173/node_modules/.vite/deps/react-dom_client.js?v=e42ceb9e:14336
[    2224ms] [LOG] [impeccable] Live variant mode ready. Hover over elements to pick one. @ http://localhost:8400/live.js:8761
[    2363ms] [LOG] [impeccable] Live mode connected. @ http://localhost:8400/live.js:4625
[    2471ms] [LOG] [impeccable] SSE connection lost. Retry 1/20... @ http://localhost:8400/live.js:4695
[    2515ms] [INFO] %cDownload the React DevTools for a better development experience: https://react.dev/link/react-devtools font-weight:bold @ http://localhost:5173/node_modules/.vite/deps/react-dom_client.js?v=e42ceb9e:14336
[    2536ms] [LOG] [impeccable] Live variant mode ready. Hover over elements to pick one. @ http://localhost:8400/live.js:8761
[    2674ms] [LOG] [impeccable] Live mode connected. @ http://localhost:8400/live.js:4625
[    2892ms] [LOG] [impeccable] SSE connection lost. Retry 1/20... @ http://localhost:8400/live.js:4695
[    2940ms] [INFO] %cDownload the React DevTools for a better development experience: https://react.dev/link/react-devtools font-weight:bold @ http://localhost:5173/node_modules/.vite/deps/react-dom_client.js?v=e42ceb9e:14336
[    2964ms] [LOG] [impeccable] Live variant mode ready. Hover over elements to pick one. @ http://localhost:8400/live.js:8761
[    3111ms] [LOG] [impeccable] Live mode connected. @ http://localhost:8400/live.js:4625
[    3161ms] [LOG] [impeccable] SSE connection lost. Retry 1/20... @ http://localhost:8400/live.js:4695
[    3210ms] [INFO] %cDownload the React DevTools for a better development experience: https://react.dev/link/react-devtools font-weight:bold @ http://localhost:5173/node_modules/.vite/deps/react-dom_client.js?v=e42ceb9e:14336
[    3231ms] [LOG] [impeccable] Live variant mode ready. Hover over elements to pick one. @ http://localhost:8400/live.js:8761
[    3366ms] [LOG] [impeccable] Live mode connected. @ http://localhost:8400/live.js:4625
[    3412ms] [LOG] [impeccable] SSE connection lost. Retry 1/20... @ http://localhost:8400/live.js:4695
[    3490ms] [INFO] %cDownload the React DevTools for a better development experience: https://react.dev/link/react-devtools font-weight:bold @ http://localhost:5173/node_modules/.vite/deps/react-dom_client.js?v=e42ceb9e:14336
[    3511ms] [LOG] [impeccable] Live variant mode ready. Hover over elements to pick one. @ http://localhost:8400/live.js:8761
[    3636ms] [LOG] [impeccable] Live mode connected. @ http://localhost:8400/live.js:4625
[    3987ms] [LOG] [impeccable] SSE connection lost. Retry 1/20... @ http://localhost:8400/live.js:4695
[    4063ms] [INFO] %cDownload the React DevTools for a better development experience: https://react.dev/link/react-devtools font-weight:bold @ http://localhost:5173/node_modules/.vite/deps/react-dom_client.js?v=e42ceb9e:14336
[    4094ms] [LOG] [impeccable] Live variant mode ready. Hover over elements to pick one. @ http://localhost:8400/live.js:8761
[    4279ms] [LOG] [impeccable] Live mode connected. @ http://localhost:8400/live.js:4625
[    4548ms] [LOG] [impeccable] SSE connection lost. Retry 1/20... @ http://localhost:8400/live.js:4695
[    4595ms] [INFO] %cDownload the React DevTools for a better development experience: https://react.dev/link/react-devtools font-weight:bold @ http://localhost:5173/node_modules/.vite/deps/react-dom_client.js?v=e42ceb9e:14336
[    4614ms] [LOG] [impeccable] Live variant mode ready. Hover over elements to pick one. @ http://localhost:8400/live.js:8761
[    4793ms] [LOG] [impeccable] Live mode connected. @ http://localhost:8400/live.js:4625
[    5146ms] [LOG] [impeccable] SSE connection lost. Retry 1/20... @ http://localhost:8400/live.js:4695
[    5233ms] [INFO] %cDownload the React DevTools for a better development experience: https://react.dev/link/react-devtools font-weight:bold @ http://localhost:5173/node_modules/.vite/deps/react-dom_client.js?v=e42ceb9e:14336
[    5283ms] [LOG] [impeccable] Live variant mode ready. Hover over elements to pick one. @ http://localhost:8400/live.js:8761
[    5596ms] [LOG] [impeccable] Live mode connected. @ http://localhost:8400/live.js:4625
[    5986ms] [LOG] [impeccable] SSE connection lost. Retry 1/20... @ http://localhost:8400/live.js:4695
[    6105ms] [INFO] %cDownload the React DevTools for a better development experience: https://react.dev/link/react-devtools font-weight:bold @ http://localhost:5173/node_modules/.vite/deps/react-dom_client.js?v=e42ceb9e:14336
[    6154ms] [LOG] [impeccable] Live variant mode ready. Hover over elements to pick one. @ http://localhost:8400/live.js:8761
[    6472ms] [LOG] [impeccable] Live mode connected. @ http://localhost:8400/live.js:4625
[    6825ms] [LOG] [impeccable] SSE connection lost. Retry 1/20... @ http://localhost:8400/live.js:4695
[    6867ms] [INFO] %cDownload the React DevTools for a better development experience: https://react.dev/link/react-devtools font-weight:bold @ http://localhost:5173/node_modules/.vite/deps/react-dom_client.js?v=e42ceb9e:14336
[    6893ms] [LOG] [impeccable] Live variant mode ready. Hover over elements to pick one. @ http://localhost:8400/live.js:8761
[    7081ms] [LOG] [impeccable] Live mode connected. @ http://localhost:8400/live.js:4625
[    7118ms] [LOG] [impeccable] SSE connection lost. Retry 1/20... @ http://localhost:8400/live.js:4695
[    7172ms] [INFO] %cDownload the React DevTools for a better development experience: https://react.dev/link/react-devtools font-weight:bold @ http://localhost:5173/node_modules/.vite/deps/react-dom_client.js?v=e42ceb9e:14336
[    7212ms] [LOG] [impeccable] Live variant mode ready. Hover over elements to pick one. @ http://localhost:8400/live.js:8761
[    7480ms] [LOG] [impeccable] Live mode connected. @ http://localhost:8400/live.js:4625
[    7557ms] [LOG] [impeccable] SSE connection lost. Retry 1/20... @ http://localhost:8400/live.js:4695
[    7617ms] [INFO] %cDownload the React DevTools for a better development experience: https://react.dev/link/react-devtools font-weight:bold @ http://localhost:5173/node_modules/.vite/deps/react-dom_client.js?v=e42ceb9e:14336
[    7661ms] [LOG] [impeccable] Live variant mode ready. Hover over elements to pick one. @ http://localhost:8400/live.js:8761
[    8002ms] [LOG] [impeccable] Live mode connected. @ http://localhost:8400/live.js:4625
[    8066ms] [LOG] [impeccable] SSE connection lost. Retry 1/20... @ http://localhost:8400/live.js:4695
[    8138ms] [INFO] %cDownload the React DevTools for a better development experience: https://react.dev/link/react-devtools font-weight:bold @ http://localhost:5173/node_modules/.vite/deps/react-dom_client.js?v=e42ceb9e:14336
[    8183ms] [LOG] [impeccable] Live variant mode ready. Hover over elements to pick one. @ http://localhost:8400/live.js:8761
[    8469ms] [LOG] [impeccable] Live mode connected. @ http://localhost:8400/live.js:4625
[    8523ms] [LOG] [impeccable] SSE connection lost. Retry 1/20... @ http://localhost:8400/live.js:4695
[    8590ms] [INFO] %cDownload the React DevTools for a better development experience: https://react.dev/link/react-devtools font-weight:bold @ http://localhost:5173/node_modules/.vite/deps/react-dom_client.js?v=e42ceb9e:14336
[    8631ms] [LOG] [impeccable] Live variant mode ready. Hover over elements to pick one. @ http://localhost:8400/live.js:8761
[    8914ms] [LOG] [impeccable] Live mode connected. @ http://localhost:8400/live.js:4625
[    8949ms] [LOG] [impeccable] SSE connection lost. Retry 1/20... @ http://localhost:8400/live.js:4695
[    9005ms] [INFO] %cDownload the React DevTools for a better development experience: https://react.dev/link/react-devtools font-weight:bold @ http://localhost:5173/node_modules/.vite/deps/react-dom_client.js?v=e42ceb9e:14336
[    9047ms] [LOG] [impeccable] Live variant mode ready. Hover over elements to pick one. @ http://localhost:8400/live.js:8761
[    9320ms] [LOG] [impeccable] Live mode connected. @ http://localhost:8400/live.js:4625
[    9396ms] [LOG] [impeccable] SSE connection lost. Retry 1/20... @ http://localhost:8400/live.js:4695
[    9454ms] [INFO] %cDownload the React DevTools for a better development experience: https://react.dev/link/react-devtools font-weight:bold @ http://localhost:5173/node_modules/.vite/deps/react-dom_client.js?v=e42ceb9e:14336
[    9499ms] [LOG] [impeccable] Live variant mode ready. Hover over elements to pick one. @ http://localhost:8400/live.js:8761
[    9790ms] [LOG] [impeccable] Live mode connected. @ http://localhost:8400/live.js:4625
[    9873ms] [LOG] [impeccable] SSE connection lost. Retry 1/20... @ http://localhost:8400/live.js:4695
[    9983ms] [INFO] %cDownload the React DevTools for a better development experience: https://react.dev/link/react-devtools font-weight:bold @ http://localhost:5173/node_modules/.vite/deps/react-dom_client.js?v=e42ceb9e:14336
[   10030ms] [LOG] [impeccable] Live variant mode ready. Hover over elements to pick one. @ http://localhost:8400/live.js:8761
[   10316ms] [LOG] [impeccable] Live mode connected. @ http://localhost:8400/live.js:4625
[   10685ms] [LOG] [impeccable] SSE connection lost. Retry 1/20... @ http://localhost:8400/live.js:4695
[   10814ms] [INFO] %cDownload the React DevTools for a better development experience: https://react.dev/link/react-devtools font-weight:bold @ http://localhost:5173/node_modules/.vite/deps/react-dom_client.js?v=e42ceb9e:14336
[   10873ms] [LOG] [impeccable] Live variant mode ready. Hover over elements to pick one. @ http://localhost:8400/live.js:8761
[   11171ms] [LOG] [impeccable] Live mode connected. @ http://localhost:8400/live.js:4625
[   11527ms] [LOG] [impeccable] SSE connection lost. Retry 1/20... @ http://localhost:8400/live.js:4695
[   11605ms] [INFO] %cDownload the React DevTools for a better development experience: https://react.dev/link/react-devtools font-weight:bold @ http://localhost:5173/node_modules/.vite/deps/react-dom_client.js?v=e42ceb9e:14336
[   11648ms] [LOG] [impeccable] Live variant mode ready. Hover over elements to pick one. @ http://localhost:8400/live.js:8761
[   11990ms] [LOG] [impeccable] Live mode connected. @ http://localhost:8400/live.js:4625
[   12361ms] [LOG] [impeccable] SSE connection lost. Retry 1/20... @ http://localhost:8400/live.js:4695
[   12436ms] [INFO] %cDownload the React DevTools for a better development experience: https://react.dev/link/react-devtools font-weight:bold @ http://localhost:5173/node_modules/.vite/deps/react-dom_client.js?v=e42ceb9e:14336
[   12483ms] [LOG] [impeccable] Live variant mode ready. Hover over elements to pick one. @ http://localhost:8400/live.js:8761
[   12792ms] [LOG] [impeccable] Live mode connected. @ http://localhost:8400/live.js:4625
[   12897ms] [LOG] [impeccable] SSE connection lost. Retry 1/20... @ http://localhost:8400/live.js:4695
[   13030ms] [INFO] %cDownload the React DevTools for a better development experience: https://react.dev/link/react-devtools font-weight:bold @ http://localhost:5173/node_modules/.vite/deps/react-dom_client.js?v=e42ceb9e:14336
[   13072ms] [LOG] [impeccable] Live variant mode ready. Hover over elements to pick one. @ http://localhost:8400/live.js:8761
[   13361ms] [LOG] [impeccable] Live mode connected. @ http://localhost:8400/live.js:4625
[   13430ms] [LOG] [impeccable] SSE connection lost. Retry 1/20... @ http://localhost:8400/live.js:4695
[   13491ms] [INFO] %cDownload the React DevTools for a better development experience: https://react.dev/link/react-devtools font-weight:bold @ http://localhost:5173/node_modules/.vite/deps/react-dom_client.js?v=e42ceb9e:14336
[   13539ms] [LOG] [impeccable] Live variant mode ready. Hover over elements to pick one. @ http://localhost:8400/live.js:8761
[   13873ms] [LOG] [impeccable] Live mode connected. @ http://localhost:8400/live.js:4625
[   13979ms] [LOG] [impeccable] SSE connection lost. Retry 1/20... @ http://localhost:8400/live.js:4695
[   14077ms] [INFO] %cDownload the React DevTools for a better development experience: https://react.dev/link/react-devtools font-weight:bold @ http://localhost:5173/node_modules/.vite/deps/react-dom_client.js?v=e42ceb9e:14336
[   14121ms] [LOG] [impeccable] Live variant mode ready. Hover over elements to pick one. @ http://localhost:8400/live.js:8761
[   14417ms] [LOG] [impeccable] Live mode connected. @ http://localhost:8400/live.js:4625
[   14792ms] [LOG] [impeccable] SSE connection lost. Retry 1/20... @ http://localhost:8400/live.js:4695
[   14828ms] [INFO] %cDownload the React DevTools for a better development experience: https://react.dev/link/react-devtools font-weight:bold @ http://localhost:5173/node_modules/.vite/deps/react-dom_client.js?v=e42ceb9e:14336
[   14852ms] [LOG] [impeccable] Live variant mode ready. Hover over elements to pick one. @ http://localhost:8400/live.js:8761
[   14999ms] [LOG] [impeccable] Live mode connected. @ http://localhost:8400/live.js:4625
[   15348ms] [LOG] [impeccable] SSE connection lost. Retry 1/20... @ http://localhost:8400/live.js:4695
[   15402ms] [INFO] %cDownload the React DevTools for a better development experience: https://react.dev/link/react-devtools font-weight:bold @ http://localhost:5173/node_modules/.vite/deps/react-dom_client.js?v=e42ceb9e:14336
[   15427ms] [LOG] [impeccable] Live variant mode ready. Hover over elements to pick one. @ http://localhost:8400/live.js:8761
[   15590ms] [LOG] [impeccable] Live mode connected. @ http://localhost:8400/live.js:4625
[   15611ms] [LOG] [impeccable] SSE connection lost. Retry 1/20... @ http://localhost:8400/live.js:4695
[   15643ms] [INFO] %cDownload the React DevTools for a better development experience: https://react.dev/link/react-devtools font-weight:bold @ http://localhost:5173/node_modules/.vite/deps/react-dom_client.js?v=e42ceb9e:14336
[   15664ms] [LOG] [impeccable] Live variant mode ready. Hover over elements to pick one. @ http://localhost:8400/live.js:8761
[   15902ms] [LOG] [impeccable] Live mode connected. @ http://localhost:8400/live.js:4625
[   16019ms] [LOG] [impeccable] SSE connection lost. Retry 1/20... @ http://localhost:8400/live.js:4695
[   16081ms] [INFO] %cDownload the React DevTools for a better development experience: https://react.dev/link/react-devtools font-weight:bold @ http://localhost:5173/node_modules/.vite/deps/react-dom_client.js?v=e42ceb9e:14336
[   16125ms] [LOG] [impeccable] Live variant mode ready. Hover over elements to pick one. @ http://localhost:8400/live.js:8761
[   16452ms] [LOG] [impeccable] Live mode connected. @ http://localhost:8400/live.js:4625
[   16506ms] [LOG] [impeccable] SSE connection lost. Retry 1/20... @ http://localhost:8400/live.js:4695
[   16567ms] [INFO] %cDownload the React DevTools for a better development experience: https://react.dev/link/react-devtools font-weight:bold @ http://localhost:5173/node_modules/.vite/deps/react-dom_client.js?v=e42ceb9e:14336
[   16609ms] [LOG] [impeccable] Live variant mode ready. Hover over elements to pick one. @ http://localhost:8400/live.js:8761
[   16993ms] [LOG] [impeccable] Live mode connected. @ http://localhost:8400/live.js:4625
[   17017ms] [LOG] [impeccable] SSE connection lost. Retry 1/20... @ http://localhost:8400/live.js:4695
[   17079ms] [INFO] %cDownload the React DevTools for a better development experience: https://react.dev/link/react-devtools font-weight:bold @ http://localhost:5173/node_modules/.vite/deps/react-dom_client.js?v=e42ceb9e:14336
[   17124ms] [LOG] [impeccable] Live variant mode ready. Hover over elements to pick one. @ http://localhost:8400/live.js:8761
[   17377ms] [LOG] [impeccable] Live mode connected. @ http://localhost:8400/live.js:4625
[   17558ms] [LOG] [impeccable] SSE connection lost. Retry 1/20... @ http://localhost:8400/live.js:4695
[   17608ms] [INFO] %cDownload the React DevTools for a better development experience: https://react.dev/link/react-devtools font-weight:bold @ http://localhost:5173/node_modules/.vite/deps/react-dom_client.js?v=e42ceb9e:14336
[   17651ms] [LOG] [impeccable] Live variant mode ready. Hover over elements to pick one. @ http://localhost:8400/live.js:8761
[   18074ms] [LOG] [impeccable] Live mode connected. @ http://localhost:8400/live.js:4625
[   18159ms] [LOG] [impeccable] SSE connection lost. Retry 1/20... @ http://localhost:8400/live.js:4695
[   18216ms] [INFO] %cDownload the React DevTools for a better development experience: https://react.dev/link/react-devtools font-weight:bold @ http://localhost:5173/node_modules/.vite/deps/react-dom_client.js?v=e42ceb9e:14336
[   18259ms] [LOG] [impeccable] Live variant mode ready. Hover over elements to pick one. @ http://localhost:8400/live.js:8761
[   18509ms] [LOG] [impeccable] Live mode connected. @ http://localhost:8400/live.js:4625
[   18594ms] [LOG] [impeccable] SSE connection lost. Retry 1/20... @ http://localhost:8400/live.js:4695
[   18641ms] [INFO] %cDownload the React DevTools for a better development experience: https://react.dev/link/react-devtools font-weight:bold @ http://localhost:5173/node_modules/.vite/deps/react-dom_client.js?v=e42ceb9e:14336
[   18682ms] [LOG] [impeccable] Live variant mode ready. Hover over elements to pick one. @ http://localhost:8400/live.js:8761
[   19088ms] [LOG] [impeccable] Live mode connected. @ http://localhost:8400/live.js:4625
[   19164ms] [LOG] [impeccable] SSE connection lost. Retry 1/20... @ http://localhost:8400/live.js:4695
[   19223ms] [INFO] %cDownload the React DevTools for a better development experience: https://react.dev/link/react-devtools font-weight:bold @ http://localhost:5173/node_modules/.vite/deps/react-dom_client.js?v=e42ceb9e:14336
[   19267ms] [LOG] [impeccable] Live variant mode ready. Hover over elements to pick one. @ http://localhost:8400/live.js:8761
[   19513ms] [LOG] [impeccable] Live mode connected. @ http://localhost:8400/live.js:4625
[   19553ms] [LOG] [impeccable] SSE connection lost. Retry 1/20... @ http://localhost:8400/live.js:4695
[   19605ms] [INFO] %cDownload the React DevTools for a better development experience: https://react.dev/link/react-devtools font-weight:bold @ http://localhost:5173/node_modules/.vite/deps/react-dom_client.js?v=e42ceb9e:14336
[   19645ms] [LOG] [impeccable] Live variant mode ready. Hover over elements to pick one. @ http://localhost:8400/live.js:8761
[   20012ms] [LOG] [impeccable] Live mode connected. @ http://localhost:8400/live.js:4625
[   20082ms] [LOG] [impeccable] SSE connection lost. Retry 1/20... @ http://localhost:8400/live.js:4695
[   20149ms] [INFO] %cDownload the React DevTools for a better development experience: https://react.dev/link/react-devtools font-weight:bold @ http://localhost:5173/node_modules/.vite/deps/react-dom_client.js?v=e42ceb9e:14336
[   20192ms] [LOG] [impeccable] Live variant mode ready. Hover over elements to pick one. @ http://localhost:8400/live.js:8761
[   20436ms] [LOG] [impeccable] Live mode connected. @ http://localhost:8400/live.js:4625
[   20536ms] [LOG] [impeccable] SSE connection lost. Retry 1/20... @ http://localhost:8400/live.js:4695
[   20595ms] [INFO] %cDownload the React DevTools for a better development experience: https://react.dev/link/react-devtools font-weight:bold @ http://localhost:5173/node_modules/.vite/deps/react-dom_client.js?v=e42ceb9e:14336
[   20636ms] [LOG] [impeccable] Live variant mode ready. Hover over elements to pick one. @ http://localhost:8400/live.js:8761
[   21010ms] [LOG] [impeccable] Live mode connected. @ http://localhost:8400/live.js:4625
[   21080ms] [LOG] [impeccable] SSE connection lost. Retry 1/20... @ http://localhost:8400/live.js:4695
[   21137ms] [INFO] %cDownload the React DevTools for a better development experience: https://react.dev/link/react-devtools font-weight:bold @ http://localhost:5173/node_modules/.vite/deps/react-dom_client.js?v=e42ceb9e:14336
[   21180ms] [LOG] [impeccable] Live variant mode ready. Hover over elements to pick one. @ http://localhost:8400/live.js:8761
[   21423ms] [LOG] [impeccable] Live mode connected. @ http://localhost:8400/live.js:4625
[   21494ms] [LOG] [impeccable] SSE connection lost. Retry 1/20... @ http://localhost:8400/live.js:4695
[   21543ms] [INFO] %cDownload the React DevTools for a better development experience: https://react.dev/link/react-devtools font-weight:bold @ http://localhost:5173/node_modules/.vite/deps/react-dom_client.js?v=e42ceb9e:14336
[   21585ms] [LOG] [impeccable] Live variant mode ready. Hover over elements to pick one. @ http://localhost:8400/live.js:8761
[   21922ms] [LOG] [impeccable] Live mode connected. @ http://localhost:8400/live.js:4625
[   22000ms] [LOG] [impeccable] SSE connection lost. Retry 1/20... @ http://localhost:8400/live.js:4695
[   22059ms] [INFO] %cDownload the React DevTools for a better development experience: https://react.dev/link/react-devtools font-weight:bold @ http://localhost:5173/node_modules/.vite/deps/react-dom_client.js?v=e42ceb9e:14336
[   22105ms] [LOG] [impeccable] Live variant mode ready. Hover over elements to pick one. @ http://localhost:8400/live.js:8761
[   22366ms] [LOG] [impeccable] Live mode connected. @ http://localhost:8400/live.js:4625
[   22545ms] [LOG] [impeccable] SSE connection lost. Retry 1/20... @ http://localhost:8400/live.js:4695
[   22605ms] [INFO] %cDownload the React DevTools for a better development experience: https://react.dev/link/react-devtools font-weight:bold @ http://localhost:5173/node_modules/.vite/deps/react-dom_client.js?v=e42ceb9e:14336
[   22647ms] [LOG] [impeccable] Live variant mode ready. Hover over elements to pick one. @ http://localhost:8400/live.js:8761
[   22973ms] [LOG] [impeccable] Live mode connected. @ http://localhost:8400/live.js:4625
[   23036ms] [LOG] [impeccable] SSE connection lost. Retry 1/20... @ http://localhost:8400/live.js:4695
[   23095ms] [INFO] %cDownload the React DevTools for a better development experience: https://react.dev/link/react-devtools font-weight:bold @ http://localhost:5173/node_modules/.vite/deps/react-dom_client.js?v=e42ceb9e:14336
[   23140ms] [LOG] [impeccable] Live variant mode ready. Hover over elements to pick one. @ http://localhost:8400/live.js:8761
[   23405ms] [LOG] [impeccable] Live mode connected. @ http://localhost:8400/live.js:4625
[   23615ms] [LOG] [impeccable] SSE connection lost. Retry 1/20... @ http://localhost:8400/live.js:4695
[   23666ms] [INFO] %cDownload the React DevTools for a better development experience: https://react.dev/link/react-devtools font-weight:bold @ http://localhost:5173/node_modules/.vite/deps/react-dom_client.js?v=e42ceb9e:14336
[   23711ms] [LOG] [impeccable] Live variant mode ready. Hover over elements to pick one. @ http://localhost:8400/live.js:8761
[   24104ms] [LOG] [impeccable] Live mode connected. @ http://localhost:8400/live.js:4625
[   24454ms] [LOG] [impeccable] SSE connection lost. Retry 1/20... @ http://localhost:8400/live.js:4695
[   24512ms] [INFO] %cDownload the React DevTools for a better development experience: https://react.dev/link/react-devtools font-weight:bold @ http://localhost:5173/node_modules/.vite/deps/react-dom_client.js?v=e42ceb9e:14336
[   24558ms] [LOG] [impeccable] Live variant mode ready. Hover over elements to pick one. @ http://localhost:8400/live.js:8761
[   24879ms] [LOG] [impeccable] SSE connection lost. Retry 1/20... @ http://localhost:8400/live.js:4695
[   24879ms] [WARNING] [impeccable] failed to fetch pending count: TypeError: Failed to fetch @ http://localhost:8400/live.js:3549
[   24932ms] [INFO] %cDownload the React DevTools for a better development experience: https://react.dev/link/react-devtools font-weight:bold @ http://localhost:5173/node_modules/.vite/deps/react-dom_client.js?v=e42ceb9e:14336
[   24975ms] [LOG] [impeccable] Live variant mode ready. Hover over elements to pick one. @ http://localhost:8400/live.js:8761
[   25294ms] [LOG] [impeccable] Live mode connected. @ http://localhost:8400/live.js:4625
[   25523ms] [LOG] [impeccable] SSE connection lost. Retry 1/20... @ http://localhost:8400/live.js:4695
[   25581ms] [INFO] %cDownload the React DevTools for a better development experience: https://react.dev/link/react-devtools font-weight:bold @ http://localhost:5173/node_modules/.vite/deps/react-dom_client.js?v=e42ceb9e:14336
[   25622ms] [LOG] [impeccable] Live variant mode ready. Hover over elements to pick one. @ http://localhost:8400/live.js:8761
[   25971ms] [LOG] [impeccable] Live mode connected. @ http://localhost:8400/live.js:4625
[   25986ms] [LOG] [impeccable] SSE connection lost. Retry 1/20... @ http://localhost:8400/live.js:4695
[   26043ms] [INFO] %cDownload the React DevTools for a better development experience: https://react.dev/link/react-devtools font-weight:bold @ http://localhost:5173/node_modules/.vite/deps/react-dom_client.js?v=e42ceb9e:14336
[   26083ms] [LOG] [impeccable] Live variant mode ready. Hover over elements to pick one. @ http://localhost:8400/live.js:8761
[   26348ms] [LOG] [impeccable] Live mode connected. @ http://localhost:8400/live.js:4625
[   26416ms] [LOG] [impeccable] SSE connection lost. Retry 1/20... @ http://localhost:8400/live.js:4695
[   26467ms] [INFO] %cDownload the React DevTools for a better development experience: https://react.dev/link/react-devtools font-weight:bold @ http://localhost:5173/node_modules/.vite/deps/react-dom_client.js?v=e42ceb9e:14336
[   26512ms] [LOG] [impeccable] Live variant mode ready. Hover over elements to pick one. @ http://localhost:8400/live.js:8761
[   26845ms] [LOG] [impeccable] Live mode connected. @ http://localhost:8400/live.js:4625
[   26861ms] [LOG] [impeccable] SSE connection lost. Retry 1/20... @ http://localhost:8400/live.js:4695
[   26922ms] [INFO] %cDownload the React DevTools for a better development experience: https://react.dev/link/react-devtools font-weight:bold @ http://localhost:5173/node_modules/.vite/deps/react-dom_client.js?v=e42ceb9e:14336
[   26966ms] [LOG] [impeccable] Live variant mode ready. Hover over elements to pick one. @ http://localhost:8400/live.js:8761
[   27246ms] [LOG] [impeccable] Live mode connected. @ http://localhost:8400/live.js:4625
[   27333ms] [LOG] [impeccable] SSE connection lost. Retry 1/20... @ http://localhost:8400/live.js:4695
[   27389ms] [INFO] %cDownload the React DevTools for a better development experience: https://react.dev/link/react-devtools font-weight:bold @ http://localhost:5173/node_modules/.vite/deps/react-dom_client.js?v=e42ceb9e:14336
[   27433ms] [LOG] [impeccable] Live variant mode ready. Hover over elements to pick one. @ http://localhost:8400/live.js:8761
[   27698ms] [LOG] [impeccable] Live mode connected. @ http://localhost:8400/live.js:4625
[   27717ms] [LOG] [impeccable] SSE connection lost. Retry 1/20... @ http://localhost:8400/live.js:4695
[   27841ms] [INFO] %cDownload the React DevTools for a better development experience: https://react.dev/link/react-devtools font-weight:bold @ http://localhost:5173/node_modules/.vite/deps/react-dom_client.js?v=e42ceb9e:14336
[   27888ms] [LOG] [impeccable] Live variant mode ready. Hover over elements to pick one. @ http://localhost:8400/live.js:8761
[   28171ms] [LOG] [impeccable] Live mode connected. @ http://localhost:8400/live.js:4625
[   28232ms] [LOG] [impeccable] SSE connection lost. Retry 1/20... @ http://localhost:8400/live.js:4695
[   28286ms] [INFO] %cDownload the React DevTools for a better development experience: https://react.dev/link/react-devtools font-weight:bold @ http://localhost:5173/node_modules/.vite/deps/react-dom_client.js?v=e42ceb9e:14336
[   28330ms] [LOG] [impeccable] Live variant mode ready. Hover over elements to pick one. @ http://localhost:8400/live.js:8761
[   28610ms] [LOG] [impeccable] Live mode connected. @ http://localhost:8400/live.js:4625
[   28647ms] [LOG] [impeccable] SSE connection lost. Retry 1/20... @ http://localhost:8400/live.js:4695
[   28698ms] [INFO] %cDownload the React DevTools for a better development experience: https://react.dev/link/react-devtools font-weight:bold @ http://localhost:5173/node_modules/.vite/deps/react-dom_client.js?v=e42ceb9e:14336
[   28755ms] [LOG] [impeccable] Live variant mode ready. Hover over elements to pick one. @ http://localhost:8400/live.js:8761
[   29134ms] [LOG] [impeccable] Live mode connected. @ http://localhost:8400/live.js:4625
[   29203ms] [LOG] [impeccable] SSE connection lost. Retry 1/20... @ http://localhost:8400/live.js:4695
[   29256ms] [INFO] %cDownload the React DevTools for a better development experience: https://react.dev/link/react-devtools font-weight:bold @ http://localhost:5173/node_modules/.vite/deps/react-dom_client.js?v=e42ceb9e:14336
[   29298ms] [LOG] [impeccable] Live variant mode ready. Hover over elements to pick one. @ http://localhost:8400/live.js:8761
[   29565ms] [LOG] [impeccable] Live mode connected. @ http://localhost:8400/live.js:4625
[   29640ms] [LOG] [impeccable] SSE connection lost. Retry 1/20... @ http://localhost:8400/live.js:4695
[   29694ms] [INFO] %cDownload the React DevTools for a better development experience: https://react.dev/link/react-devtools font-weight:bold @ http://localhost:5173/node_modules/.vite/deps/react-dom_client.js?v=e42ceb9e:14336
[   29745ms] [LOG] [impeccable] Live variant mode ready. Hover over elements to pick one. @ http://localhost:8400/live.js:8761
[   30185ms] [LOG] [impeccable] Live mode connected. @ http://localhost:8400/live.js:4625
[   30259ms] [LOG] [impeccable] SSE connection lost. Retry 1/20... @ http://localhost:8400/live.js:4695
[   30312ms] [INFO] %cDownload the React DevTools for a better development experience: https://react.dev/link/react-devtools font-weight:bold @ http://localhost:5173/node_modules/.vite/deps/react-dom_client.js?v=e42ceb9e:14336
[   30354ms] [LOG] [impeccable] Live variant mode ready. Hover over elements to pick one. @ http://localhost:8400/live.js:8761
[   30652ms] [LOG] [impeccable] Live mode connected. @ http://localhost:8400/live.js:4625
[   30668ms] [LOG] [impeccable] SSE connection lost. Retry 1/20... @ http://localhost:8400/live.js:4695
[   30775ms] [INFO] %cDownload the React DevTools for a better development experience: https://react.dev/link/react-devtools font-weight:bold @ http://localhost:5173/node_modules/.vite/deps/react-dom_client.js?v=e42ceb9e:14336
[   30831ms] [LOG] [impeccable] Live variant mode ready. Hover over elements to pick one. @ http://localhost:8400/live.js:8761
[   31135ms] [LOG] [impeccable] Live mode connected. @ http://localhost:8400/live.js:4625
[   31209ms] [LOG] [impeccable] SSE connection lost. Retry 1/20... @ http://localhost:8400/live.js:4695
[   31266ms] [INFO] %cDownload the React DevTools for a better development experience: https://react.dev/link/react-devtools font-weight:bold @ http://localhost:5173/node_modules/.vite/deps/react-dom_client.js?v=e42ceb9e:14336
[   31309ms] [LOG] [impeccable] Live variant mode ready. Hover over elements to pick one. @ http://localhost:8400/live.js:8761
[   31578ms] [LOG] [impeccable] Live mode connected. @ http://localhost:8400/live.js:4625
[   31593ms] [LOG] [impeccable] SSE connection lost. Retry 1/20... @ http://localhost:8400/live.js:4695
[   31647ms] [INFO] %cDownload the React DevTools for a better development experience: https://react.dev/link/react-devtools font-weight:bold @ http://localhost:5173/node_modules/.vite/deps/react-dom_client.js?v=e42ceb9e:14336
[   31690ms] [LOG] [impeccable] Live variant mode ready. Hover over elements to pick one. @ http://localhost:8400/live.js:8761
[   32143ms] [LOG] [impeccable] Live mode connected. @ http://localhost:8400/live.js:4625
[   32499ms] [LOG] [impeccable] SSE connection lost. Retry 1/20... @ http://localhost:8400/live.js:4695
[   32564ms] [INFO] %cDownload the React DevTools for a better development experience: https://react.dev/link/react-devtools font-weight:bold @ http://localhost:5173/node_modules/.vite/deps/react-dom_client.js?v=e42ceb9e:14336
[   32585ms] [LOG] [impeccable] Live variant mode ready. Hover over elements to pick one. @ http://localhost:8400/live.js:8761
[   32727ms] [LOG] [impeccable] Live mode connected. @ http://localhost:8400/live.js:4625
[   33072ms] [LOG] [impeccable] SSE connection lost. Retry 1/20... @ http://localhost:8400/live.js:4695
[   33120ms] [INFO] %cDownload the React DevTools for a better development experience: https://react.dev/link/react-devtools font-weight:bold @ http://localhost:5173/node_modules/.vite/deps/react-dom_client.js?v=e42ceb9e:14336
[   33141ms] [LOG] [impeccable] Live variant mode ready. Hover over elements to pick one. @ http://localhost:8400/live.js:8761
[   33273ms] [LOG] [impeccable] Live mode connected. @ http://localhost:8400/live.js:4625
[   33623ms] [LOG] [impeccable] SSE connection lost. Retry 1/20... @ http://localhost:8400/live.js:4695
[   33680ms] [INFO] %cDownload the React DevTools for a better development experience: https://react.dev/link/react-devtools font-weight:bold @ http://localhost:5173/node_modules/.vite/deps/react-dom_client.js?v=e42ceb9e:14336
[   33700ms] [LOG] [impeccable] Live variant mode ready. Hover over elements to pick one. @ http://localhost:8400/live.js:8761
[   33857ms] [LOG] [impeccable] Live mode connected. @ http://localhost:8400/live.js:4625
[   34199ms] [LOG] [impeccable] SSE connection lost. Retry 1/20... @ http://localhost:8400/live.js:4695
[   34257ms] [INFO] %cDownload the React DevTools for a better development experience: https://react.dev/link/react-devtools font-weight:bold @ http://localhost:5173/node_modules/.vite/deps/react-dom_client.js?v=e42ceb9e:14336
[   34283ms] [LOG] [impeccable] Live variant mode ready. Hover over elements to pick one. @ http://localhost:8400/live.js:8761
[   34437ms] [LOG] [impeccable] Live mode connected. @ http://localhost:8400/live.js:4625
[   34493ms] [LOG] [impeccable] SSE connection lost. Retry 1/20... @ http://localhost:8400/live.js:4695
[   34544ms] [INFO] %cDownload the React DevTools for a better development experience: https://react.dev/link/react-devtools font-weight:bold @ http://localhost:5173/node_modules/.vite/deps/react-dom_client.js?v=e42ceb9e:14336
[   34566ms] [LOG] [impeccable] Live variant mode ready. Hover over elements to pick one. @ http://localhost:8400/live.js:8761
[   34748ms] [LOG] [impeccable] Live mode connected. @ http://localhost:8400/live.js:4625
[   34908ms] [LOG] [impeccable] SSE connection lost. Retry 1/20... @ http://localhost:8400/live.js:4695
[   34955ms] [INFO] %cDownload the React DevTools for a better development experience: https://react.dev/link/react-devtools font-weight:bold @ http://localhost:5173/node_modules/.vite/deps/react-dom_client.js?v=e42ceb9e:14336
[   34983ms] [LOG] [impeccable] Live variant mode ready. Hover over elements to pick one. @ http://localhost:8400/live.js:8761
[   35108ms] [LOG] [impeccable] Live mode connected. @ http://localhost:8400/live.js:4625
[   35155ms] [LOG] [impeccable] SSE connection lost. Retry 1/20... @ http://localhost:8400/live.js:4695
[   35203ms] [INFO] %cDownload the React DevTools for a better development experience: https://react.dev/link/react-devtools font-weight:bold @ http://localhost:5173/node_modules/.vite/deps/react-dom_client.js?v=e42ceb9e:14336
[   35224ms] [LOG] [impeccable] Live variant mode ready. Hover over elements to pick one. @ http://localhost:8400/live.js:8761
[   35350ms] [LOG] [impeccable] Live mode connected. @ http://localhost:8400/live.js:4625
[   35398ms] [LOG] [impeccable] SSE connection lost. Retry 1/20... @ http://localhost:8400/live.js:4695
[   35444ms] [INFO] %cDownload the React DevTools for a better development experience: https://react.dev/link/react-devtools font-weight:bold @ http://localhost:5173/node_modules/.vite/deps/react-dom_client.js?v=e42ceb9e:14336
[   35479ms] [LOG] [impeccable] Live variant mode ready. Hover over elements to pick one. @ http://localhost:8400/live.js:8761
[   35771ms] [LOG] [impeccable] Live mode connected. @ http://localhost:8400/live.js:4625
[   35830ms] [LOG] [impeccable] SSE connection lost. Retry 1/20... @ http://localhost:8400/live.js:4695
[   36004ms] [INFO] %cDownload the React DevTools for a better development experience: https://react.dev/link/react-devtools font-weight:bold @ http://localhost:5173/node_modules/.vite/deps/react-dom_client.js?v=e42ceb9e:14336
[   36051ms] [LOG] [impeccable] Live variant mode ready. Hover over elements to pick one. @ http://localhost:8400/live.js:8761
[   36345ms] [LOG] [impeccable] Live mode connected. @ http://localhost:8400/live.js:4625
[   36419ms] [LOG] [impeccable] SSE connection lost. Retry 1/20... @ http://localhost:8400/live.js:4695
[   36481ms] [INFO] %cDownload the React DevTools for a better development experience: https://react.dev/link/react-devtools font-weight:bold @ http://localhost:5173/node_modules/.vite/deps/react-dom_client.js?v=e42ceb9e:14336
[   36527ms] [LOG] [impeccable] Live variant mode ready. Hover over elements to pick one. @ http://localhost:8400/live.js:8761
[   36865ms] [LOG] [impeccable] Live mode connected. @ http://localhost:8400/live.js:4625
[   36955ms] [LOG] [impeccable] SSE connection lost. Retry 1/20... @ http://localhost:8400/live.js:4695
[   37180ms] [INFO] %cDownload the React DevTools for a better development experience: https://react.dev/link/react-devtools font-weight:bold @ http://localhost:5173/node_modules/.vite/deps/react-dom_client.js?v=e42ceb9e:14336
[   37224ms] [LOG] [impeccable] Live variant mode ready. Hover over elements to pick one. @ http://localhost:8400/live.js:8761
[   37502ms] [LOG] [impeccable] Live mode connected. @ http://localhost:8400/live.js:4625
[   37864ms] [LOG] [impeccable] SSE connection lost. Retry 1/20... @ http://localhost:8400/live.js:4695
[   37938ms] [INFO] %cDownload the React DevTools for a better development experience: https://react.dev/link/react-devtools font-weight:bold @ http://localhost:5173/node_modules/.vite/deps/react-dom_client.js?v=e42ceb9e:14336
[   37977ms] [LOG] [impeccable] Live variant mode ready. Hover over elements to pick one. @ http://localhost:8400/live.js:8761
[   38235ms] [LOG] [impeccable] SSE connection lost. Retry 1/20... @ http://localhost:8400/live.js:4695
[   38236ms] [WARNING] [impeccable] failed to fetch pending count: TypeError: Failed to fetch @ http://localhost:8400/live.js:3549
[   38299ms] [INFO] %cDownload the React DevTools for a better development experience: https://react.dev/link/react-devtools font-weight:bold @ http://localhost:5173/node_modules/.vite/deps/react-dom_client.js?v=e42ceb9e:14336
[   38338ms] [LOG] [impeccable] Live variant mode ready. Hover over elements to pick one. @ http://localhost:8400/live.js:8761
[   38663ms] [LOG] [impeccable] Live mode connected. @ http://localhost:8400/live.js:4625
[   38921ms] [LOG] [impeccable] SSE connection lost. Retry 1/20... @ http://localhost:8400/live.js:4695
[   39024ms] [INFO] %cDownload the React DevTools for a better development experience: https://react.dev/link/react-devtools font-weight:bold @ http://localhost:5173/node_modules/.vite/deps/react-dom_client.js?v=e42ceb9e:14336
[   39069ms] [LOG] [impeccable] Live variant mode ready. Hover over elements to pick one. @ http://localhost:8400/live.js:8761
[   39376ms] [LOG] [impeccable] Live mode connected. @ http://localhost:8400/live.js:4625
[   39426ms] [LOG] [impeccable] SSE connection lost. Retry 1/20... @ http://localhost:8400/live.js:4695
[   39486ms] [INFO] %cDownload the React DevTools for a better development experience: https://react.dev/link/react-devtools font-weight:bold @ http://localhost:5173/node_modules/.vite/deps/react-dom_client.js?v=e42ceb9e:14336
[   39531ms] [LOG] [impeccable] Live variant mode ready. Hover over elements to pick one. @ http://localhost:8400/live.js:8761
[   39865ms] [LOG] [impeccable] Live mode connected. @ http://localhost:8400/live.js:4625
[   39986ms] [LOG] [impeccable] SSE connection lost. Retry 1/20... @ http://localhost:8400/live.js:4695
[   40090ms] [INFO] %cDownload the React DevTools for a better development experience: https://react.dev/link/react-devtools font-weight:bold @ http://localhost:5173/node_modules/.vite/deps/react-dom_client.js?v=e42ceb9e:14336
[   40139ms] [LOG] [impeccable] Live variant mode ready. Hover over elements to pick one. @ http://localhost:8400/live.js:8761
[   40439ms] [LOG] [impeccable] Live mode connected. @ http://localhost:8400/live.js:4625
[   40796ms] [LOG] [impeccable] SSE connection lost. Retry 1/20... @ http://localhost:8400/live.js:4695
[   40869ms] [INFO] %cDownload the React DevTools for a better development experience: https://react.dev/link/react-devtools font-weight:bold @ http://localhost:5173/node_modules/.vite/deps/react-dom_client.js?v=e42ceb9e:14336
[   40916ms] [LOG] [impeccable] Live variant mode ready. Hover over elements to pick one. @ http://localhost:8400/live.js:8761
[   41209ms] [LOG] [impeccable] Live mode connected. @ http://localhost:8400/live.js:4625
[   41246ms] [LOG] [impeccable] SSE connection lost. Retry 1/20... @ http://localhost:8400/live.js:4695
[   41302ms] [INFO] %cDownload the React DevTools for a better development experience: https://react.dev/link/react-devtools font-weight:bold @ http://localhost:5173/node_modules/.vite/deps/react-dom_client.js?v=e42ceb9e:14336
[   41341ms] [LOG] [impeccable] Live variant mode ready. Hover over elements to pick one. @ http://localhost:8400/live.js:8761
[   41634ms] [LOG] [impeccable] Live mode connected. @ http://localhost:8400/live.js:4625
[   41697ms] [LOG] [impeccable] SSE connection lost. Retry 1/20... @ http://localhost:8400/live.js:4695
[   41760ms] [INFO] %cDownload the React DevTools for a better development experience: https://react.dev/link/react-devtools font-weight:bold @ http://localhost:5173/node_modules/.vite/deps/react-dom_client.js?v=e42ceb9e:14336
[   41802ms] [LOG] [impeccable] Live variant mode ready. Hover over elements to pick one. @ http://localhost:8400/live.js:8761
[   42117ms] [LOG] [impeccable] Live mode connected. @ http://localhost:8400/live.js:4625
[   42237ms] [LOG] [impeccable] SSE connection lost. Retry 1/20... @ http://localhost:8400/live.js:4695
[   42328ms] [INFO] %cDownload the React DevTools for a better development experience: https://react.dev/link/react-devtools font-weight:bold @ http://localhost:5173/node_modules/.vite/deps/react-dom_client.js?v=e42ceb9e:14336
[   42370ms] [LOG] [impeccable] Live variant mode ready. Hover over elements to pick one. @ http://localhost:8400/live.js:8761
[   42649ms] [LOG] [impeccable] Live mode connected. @ http://localhost:8400/live.js:4625
[   43027ms] [LOG] [impeccable] SSE connection lost. Retry 1/20... @ http://localhost:8400/live.js:4695
[   43104ms] [INFO] %cDownload the React DevTools for a better development experience: https://react.dev/link/react-devtools font-weight:bold @ http://localhost:5173/node_modules/.vite/deps/react-dom_client.js?v=e42ceb9e:14336
[   43148ms] [LOG] [impeccable] Live variant mode ready. Hover over elements to pick one. @ http://localhost:8400/live.js:8761
[   43435ms] [LOG] [impeccable] Live mode connected. @ http://localhost:8400/live.js:4625
[   43472ms] [LOG] [impeccable] SSE connection lost. Retry 1/20... @ http://localhost:8400/live.js:4695
[   43528ms] [INFO] %cDownload the React DevTools for a better development experience: https://react.dev/link/react-devtools font-weight:bold @ http://localhost:5173/node_modules/.vite/deps/react-dom_client.js?v=e42ceb9e:14336
[   43568ms] [LOG] [impeccable] Live variant mode ready. Hover over elements to pick one. @ http://localhost:8400/live.js:8761
[   43875ms] [LOG] [impeccable] Live mode connected. @ http://localhost:8400/live.js:4625
[   44047ms] [LOG] [impeccable] SSE connection lost. Retry 1/20... @ http://localhost:8400/live.js:4695
[   44140ms] [INFO] %cDownload the React DevTools for a better development experience: https://react.dev/link/react-devtools font-weight:bold @ http://localhost:5173/node_modules/.vite/deps/react-dom_client.js?v=e42ceb9e:14336
[   44184ms] [LOG] [impeccable] Live variant mode ready. Hover over elements to pick one. @ http://localhost:8400/live.js:8761
[   44472ms] [LOG] [impeccable] Live mode connected. @ http://localhost:8400/live.js:4625
[   44527ms] [LOG] [impeccable] SSE connection lost. Retry 1/20... @ http://localhost:8400/live.js:4695
[   44604ms] [INFO] %cDownload the React DevTools for a better development experience: https://react.dev/link/react-devtools font-weight:bold @ http://localhost:5173/node_modules/.vite/deps/react-dom_client.js?v=e42ceb9e:14336
[   44649ms] [LOG] [impeccable] Live variant mode ready. Hover over elements to pick one. @ http://localhost:8400/live.js:8761
[   44981ms] [LOG] [impeccable] Live mode connected. @ http://localhost:8400/live.js:4625
[   45044ms] [LOG] [impeccable] SSE connection lost. Retry 1/20... @ http://localhost:8400/live.js:4695
[   45119ms] [INFO] %cDownload the React DevTools for a better development experience: https://react.dev/link/react-devtools font-weight:bold @ http://localhost:5173/node_modules/.vite/deps/react-dom_client.js?v=e42ceb9e:14336
[   45163ms] [LOG] [impeccable] Live variant mode ready. Hover over elements to pick one. @ http://localhost:8400/live.js:8761
[   45460ms] [LOG] [impeccable] Live mode connected. @ http://localhost:8400/live.js:4625
[   45892ms] [LOG] [impeccable] SSE connection lost. Retry 1/20... @ http://localhost:8400/live.js:4695
[   46064ms] [INFO] %cDownload the React DevTools for a better development experience: https://react.dev/link/react-devtools font-weight:bold @ http://localhost:5173/node_modules/.vite/deps/react-dom_client.js?v=e42ceb9e:14336
[   46112ms] [LOG] [impeccable] Live variant mode ready. Hover over elements to pick one. @ http://localhost:8400/live.js:8761
[   46440ms] [LOG] [impeccable] Live mode connected. @ http://localhost:8400/live.js:4625
[   46804ms] [LOG] [impeccable] SSE connection lost. Retry 1/20... @ http://localhost:8400/live.js:4695
[   46878ms] [INFO] %cDownload the React DevTools for a better development experience: https://react.dev/link/react-devtools font-weight:bold @ http://localhost:5173/node_modules/.vite/deps/react-dom_client.js?v=e42ceb9e:14336
[   46925ms] [LOG] [impeccable] Live variant mode ready. Hover over elements to pick one. @ http://localhost:8400/live.js:8761
[   47217ms] [LOG] [impeccable] Live mode connected. @ http://localhost:8400/live.js:4625
[   47569ms] [LOG] [impeccable] SSE connection lost. Retry 1/20... @ http://localhost:8400/live.js:4695
[   47650ms] [INFO] %cDownload the React DevTools for a better development experience: https://react.dev/link/react-devtools font-weight:bold @ http://localhost:5173/node_modules/.vite/deps/react-dom_client.js?v=e42ceb9e:14336
[   47694ms] [LOG] [impeccable] Live variant mode ready. Hover over elements to pick one. @ http://localhost:8400/live.js:8761
[   47971ms] [LOG] [impeccable] Live mode connected. @ http://localhost:8400/live.js:4625
[   48335ms] [LOG] [impeccable] SSE connection lost. Retry 1/20... @ http://localhost:8400/live.js:4695
[   48410ms] [INFO] %cDownload the React DevTools for a better development experience: https://react.dev/link/react-devtools font-weight:bold @ http://localhost:5173/node_modules/.vite/deps/react-dom_client.js?v=e42ceb9e:14336
[   48452ms] [LOG] [impeccable] Live variant mode ready. Hover over elements to pick one. @ http://localhost:8400/live.js:8761
[   48720ms] [LOG] [impeccable] Live mode connected. @ http://localhost:8400/live.js:4625
[   49080ms] [LOG] [impeccable] SSE connection lost. Retry 1/20... @ http://localhost:8400/live.js:4695
[   49160ms] [INFO] %cDownload the React DevTools for a better development experience: https://react.dev/link/react-devtools font-weight:bold @ http://localhost:5173/node_modules/.vite/deps/react-dom_client.js?v=e42ceb9e:14336
[   49212ms] [LOG] [impeccable] Live variant mode ready. Hover over elements to pick one. @ http://localhost:8400/live.js:8761
[   49524ms] [LOG] [impeccable] Live mode connected. @ http://localhost:8400/live.js:4625
[   49936ms] [LOG] [impeccable] SSE connection lost. Retry 1/20... @ http://localhost:8400/live.js:4695
[   50085ms] [INFO] %cDownload the React DevTools for a better development experience: https://react.dev/link/react-devtools font-weight:bold @ http://localhost:5173/node_modules/.vite/deps/react-dom_client.js?v=e42ceb9e:14336
[   50134ms] [LOG] [impeccable] Live variant mode ready. Hover over elements to pick one. @ http://localhost:8400/live.js:8761
[   52678ms] [LOG] [impeccable] SSE connection lost. Retry 1/20... @ http://localhost:8400/live.js:4695
[   52678ms] [ERROR] Failed to load resource: net::ERR_CONNECTION_REFUSED @ http://localhost:8400/events?token=83decdd2-aee6-4e80-bbc7-6da575908c09:0
[   58009ms] [LOG] [impeccable] SSE connection lost. Retry 2/20... @ http://localhost:8400/live.js:4695
[   58009ms] [ERROR] Failed to load resource: net::ERR_CONNECTION_REFUSED @ http://localhost:8400/events?token=83decdd2-aee6-4e80-bbc7-6da575908c09:0
[   59544ms] [INFO] %cDownload the React DevTools for a better development experience: https://react.dev/link/react-devtools font-weight:bold @ http://localhost:5173/node_modules/.vite/deps/react-dom_client.js?v=e42ceb9e:14336
[   59599ms] [LOG] [impeccable] Live variant mode ready. Hover over elements to pick one. @ http://localhost:8400/live.js:8761
[   59942ms] [LOG] [impeccable] Live mode connected. @ http://localhost:8400/live.js:4625
[   60207ms] [LOG] [impeccable] SSE connection lost. Retry 1/20... @ http://localhost:8400/live.js:4695
[   60304ms] [INFO] %cDownload the React DevTools for a better development experience: https://react.dev/link/react-devtools font-weight:bold @ http://localhost:5173/node_modules/.vite/deps/react-dom_client.js?v=e42ceb9e:14336
[   60354ms] [LOG] [impeccable] Live variant mode ready. Hover over elements to pick one. @ http://localhost:8400/live.js:8761
[   60663ms] [LOG] [impeccable] Live mode connected. @ http://localhost:8400/live.js:4625
[   60718ms] [LOG] [impeccable] SSE connection lost. Retry 1/20... @ http://localhost:8400/live.js:4695
[   60796ms] [INFO] %cDownload the React DevTools for a better development experience: https://react.dev/link/react-devtools font-weight:bold @ http://localhost:5173/node_modules/.vite/deps/react-dom_client.js?v=e42ceb9e:14336
[   60840ms] [LOG] [impeccable] Live variant mode ready. Hover over elements to pick one. @ http://localhost:8400/live.js:8761
[   61160ms] [LOG] [impeccable] Live mode connected. @ http://localhost:8400/live.js:4625
[   61199ms] [LOG] [impeccable] SSE connection lost. Retry 1/20... @ http://localhost:8400/live.js:4695
[   61265ms] [INFO] %cDownload the React DevTools for a better development experience: https://react.dev/link/react-devtools font-weight:bold @ http://localhost:5173/node_modules/.vite/deps/react-dom_client.js?v=e42ceb9e:14336
[   61304ms] [LOG] [impeccable] Live variant mode ready. Hover over elements to pick one. @ http://localhost:8400/live.js:8761
[   61589ms] [LOG] [impeccable] Live mode connected. @ http://localhost:8400/live.js:4625
[   62026ms] [LOG] [impeccable] SSE connection lost. Retry 1/20... @ http://localhost:8400/live.js:4695
[   62215ms] [INFO] %cDownload the React DevTools for a better development experience: https://react.dev/link/react-devtools font-weight:bold @ http://localhost:5173/node_modules/.vite/deps/react-dom_client.js?v=e42ceb9e:14336
[   62261ms] [LOG] [impeccable] Live variant mode ready. Hover over elements to pick one. @ http://localhost:8400/live.js:8761
[   62560ms] [LOG] [impeccable] Live mode connected. @ http://localhost:8400/live.js:4625
[   62936ms] [LOG] [impeccable] SSE connection lost. Retry 1/20... @ http://localhost:8400/live.js:4695
[   63032ms] [INFO] %cDownload the React DevTools for a better development experience: https://react.dev/link/react-devtools font-weight:bold @ http://localhost:5173/node_modules/.vite/deps/react-dom_client.js?v=e42ceb9e:14336
[   63077ms] [LOG] [impeccable] Live variant mode ready. Hover over elements to pick one. @ http://localhost:8400/live.js:8761
[   63363ms] [LOG] [impeccable] Live mode connected. @ http://localhost:8400/live.js:4625
[   63382ms] [LOG] [impeccable] SSE connection lost. Retry 1/20... @ http://localhost:8400/live.js:4695
[   63440ms] [INFO] %cDownload the React DevTools for a better development experience: https://react.dev/link/react-devtools font-weight:bold @ http://localhost:5173/node_modules/.vite/deps/react-dom_client.js?v=e42ceb9e:14336
[   63482ms] [LOG] [impeccable] Live variant mode ready. Hover over elements to pick one. @ http://localhost:8400/live.js:8761
[   63675ms] [LOG] [impeccable] Live mode connected. @ http://localhost:8400/live.js:4625
[   63832ms] [LOG] [impeccable] SSE connection lost. Retry 1/20... @ http://localhost:8400/live.js:4695
[   63885ms] [INFO] %cDownload the React DevTools for a better development experience: https://react.dev/link/react-devtools font-weight:bold @ http://localhost:5173/node_modules/.vite/deps/react-dom_client.js?v=e42ceb9e:14336
[   63907ms] [LOG] [impeccable] Live variant mode ready. Hover over elements to pick one. @ http://localhost:8400/live.js:8761
[   64065ms] [LOG] [impeccable] Live mode connected. @ http://localhost:8400/live.js:4625
[   64112ms] [LOG] [impeccable] SSE connection lost. Retry 1/20... @ http://localhost:8400/live.js:4695
[   64160ms] [INFO] %cDownload the React DevTools for a better development experience: https://react.dev/link/react-devtools font-weight:bold @ http://localhost:5173/node_modules/.vite/deps/react-dom_client.js?v=e42ceb9e:14336
[   64180ms] [LOG] [impeccable] Live variant mode ready. Hover over elements to pick one. @ http://localhost:8400/live.js:8761
[   64313ms] [LOG] [impeccable] Live mode connected. @ http://localhost:8400/live.js:4625
[   64368ms] [LOG] [impeccable] SSE connection lost. Retry 1/20... @ http://localhost:8400/live.js:4695
[   64427ms] [INFO] %cDownload the React DevTools for a better development experience: https://react.dev/link/react-devtools font-weight:bold @ http://localhost:5173/node_modules/.vite/deps/react-dom_client.js?v=e42ceb9e:14336
[   64472ms] [LOG] [impeccable] Live variant mode ready. Hover over elements to pick one. @ http://localhost:8400/live.js:8761
[   64694ms] [LOG] [impeccable] Live mode connected. @ http://localhost:8400/live.js:4625
[   64713ms] [LOG] [impeccable] SSE connection lost. Retry 1/20... @ http://localhost:8400/live.js:4695
[   64793ms] [INFO] %cDownload the React DevTools for a better development experience: https://react.dev/link/react-devtools font-weight:bold @ http://localhost:5173/node_modules/.vite/deps/react-dom_client.js?v=e42ceb9e:14336
[   64847ms] [LOG] [impeccable] Live variant mode ready. Hover over elements to pick one. @ http://localhost:8400/live.js:8761
[   65123ms] [LOG] [impeccable] Live mode connected. @ http://localhost:8400/live.js:4625
[   65206ms] [LOG] [impeccable] SSE connection lost. Retry 1/20... @ http://localhost:8400/live.js:4695
[   65258ms] [INFO] %cDownload the React DevTools for a better development experience: https://react.dev/link/react-devtools font-weight:bold @ http://localhost:5173/node_modules/.vite/deps/react-dom_client.js?v=e42ceb9e:14336
[   65297ms] [LOG] [impeccable] Live variant mode ready. Hover over elements to pick one. @ http://localhost:8400/live.js:8761
[   65580ms] [LOG] [impeccable] Live mode connected. @ http://localhost:8400/live.js:4625
[   65595ms] [LOG] [impeccable] SSE connection lost. Retry 1/20... @ http://localhost:8400/live.js:4695
[   65651ms] [INFO] %cDownload the React DevTools for a better development experience: https://react.dev/link/react-devtools font-weight:bold @ http://localhost:5173/node_modules/.vite/deps/react-dom_client.js?v=e42ceb9e:14336
[   65689ms] [LOG] [impeccable] Live variant mode ready. Hover over elements to pick one. @ http://localhost:8400/live.js:8761
[   66067ms] [LOG] [impeccable] Live mode connected. @ http://localhost:8400/live.js:4625
[   66425ms] [LOG] [impeccable] SSE connection lost. Retry 1/20... @ http://localhost:8400/live.js:4695
[   66488ms] [INFO] %cDownload the React DevTools for a better development experience: https://react.dev/link/react-devtools font-weight:bold @ http://localhost:5173/node_modules/.vite/deps/react-dom_client.js?v=e42ceb9e:14336
[   66531ms] [LOG] [impeccable] Live variant mode ready. Hover over elements to pick one. @ http://localhost:8400/live.js:8761
[   66844ms] [LOG] [impeccable] Live mode connected. @ http://localhost:8400/live.js:4625
[   67199ms] [LOG] [impeccable] SSE connection lost. Retry 1/20... @ http://localhost:8400/live.js:4695
[   67257ms] [INFO] %cDownload the React DevTools for a better development experience: https://react.dev/link/react-devtools font-weight:bold @ http://localhost:5173/node_modules/.vite/deps/react-dom_client.js?v=e42ceb9e:14336
[   67299ms] [LOG] [impeccable] Live variant mode ready. Hover over elements to pick one. @ http://localhost:8400/live.js:8761
[   67581ms] [LOG] [impeccable] Live mode connected. @ http://localhost:8400/live.js:4625
[   67603ms] [LOG] [impeccable] SSE connection lost. Retry 1/20... @ http://localhost:8400/live.js:4695
[   67651ms] [INFO] %cDownload the React DevTools for a better development experience: https://react.dev/link/react-devtools font-weight:bold @ http://localhost:5173/node_modules/.vite/deps/react-dom_client.js?v=e42ceb9e:14336
[   67690ms] [LOG] [impeccable] Live variant mode ready. Hover over elements to pick one. @ http://localhost:8400/live.js:8761
[   68020ms] [LOG] [impeccable] Live mode connected. @ http://localhost:8400/live.js:4625
[   68079ms] [LOG] [impeccable] SSE connection lost. Retry 1/20... @ http://localhost:8400/live.js:4695
[   68142ms] [INFO] %cDownload the React DevTools for a better development experience: https://react.dev/link/react-devtools font-weight:bold @ http://localhost:5173/node_modules/.vite/deps/react-dom_client.js?v=e42ceb9e:14336
[   68182ms] [LOG] [impeccable] Live variant mode ready. Hover over elements to pick one. @ http://localhost:8400/live.js:8761
[   68450ms] [LOG] [impeccable] Live mode connected. @ http://localhost:8400/live.js:4625
[   68568ms] [LOG] [impeccable] SSE connection lost. Retry 1/20... @ http://localhost:8400/live.js:4695
[   68618ms] [INFO] %cDownload the React DevTools for a better development experience: https://react.dev/link/react-devtools font-weight:bold @ http://localhost:5173/node_modules/.vite/deps/react-dom_client.js?v=e42ceb9e:14336
[   68657ms] [LOG] [impeccable] Live variant mode ready. Hover over elements to pick one. @ http://localhost:8400/live.js:8761
[   69024ms] [LOG] [impeccable] Live mode connected. @ http://localhost:8400/live.js:4625
[   69076ms] [LOG] [impeccable] SSE connection lost. Retry 1/20... @ http://localhost:8400/live.js:4695
[   69132ms] [INFO] %cDownload the React DevTools for a better development experience: https://react.dev/link/react-devtools font-weight:bold @ http://localhost:5173/node_modules/.vite/deps/react-dom_client.js?v=e42ceb9e:14336
[   69173ms] [LOG] [impeccable] Live variant mode ready. Hover over elements to pick one. @ http://localhost:8400/live.js:8761
[   69444ms] [LOG] [impeccable] Live mode connected. @ http://localhost:8400/live.js:4625
[   69521ms] [LOG] [impeccable] SSE connection lost. Retry 1/20... @ http://localhost:8400/live.js:4695
[   69587ms] [INFO] %cDownload the React DevTools for a better development experience: https://react.dev/link/react-devtools font-weight:bold @ http://localhost:5173/node_modules/.vite/deps/react-dom_client.js?v=e42ceb9e:14336
[   69627ms] [LOG] [impeccable] Live variant mode ready. Hover over elements to pick one. @ http://localhost:8400/live.js:8761
[   70021ms] [LOG] [impeccable] Live mode connected. @ http://localhost:8400/live.js:4625
[   70071ms] [LOG] [impeccable] SSE connection lost. Retry 1/20... @ http://localhost:8400/live.js:4695
[   70135ms] [INFO] %cDownload the React DevTools for a better development experience: https://react.dev/link/react-devtools font-weight:bold @ http://localhost:5173/node_modules/.vite/deps/react-dom_client.js?v=e42ceb9e:14336
[   70180ms] [LOG] [impeccable] Live variant mode ready. Hover over elements to pick one. @ http://localhost:8400/live.js:8761
[   70484ms] [LOG] [impeccable] Live mode connected. @ http://localhost:8400/live.js:4625
[   70567ms] [LOG] [impeccable] SSE connection lost. Retry 1/20... @ http://localhost:8400/live.js:4695
[   70624ms] [INFO] %cDownload the React DevTools for a better development experience: https://react.dev/link/react-devtools font-weight:bold @ http://localhost:5173/node_modules/.vite/deps/react-dom_client.js?v=e42ceb9e:14336
[   70665ms] [LOG] [impeccable] Live variant mode ready. Hover over elements to pick one. @ http://localhost:8400/live.js:8761
[   71043ms] [LOG] [impeccable] Live mode connected. @ http://localhost:8400/live.js:4625
[   71086ms] [LOG] [impeccable] SSE connection lost. Retry 1/20... @ http://localhost:8400/live.js:4695
[   71138ms] [INFO] %cDownload the React DevTools for a better development experience: https://react.dev/link/react-devtools font-weight:bold @ http://localhost:5173/node_modules/.vite/deps/react-dom_client.js?v=e42ceb9e:14336
[   71181ms] [LOG] [impeccable] Live variant mode ready. Hover over elements to pick one. @ http://localhost:8400/live.js:8761
[   71459ms] [LOG] [impeccable] Live mode connected. @ http://localhost:8400/live.js:4625
[   71494ms] [LOG] [impeccable] SSE connection lost. Retry 1/20... @ http://localhost:8400/live.js:4695
[   71562ms] [INFO] %cDownload the React DevTools for a better development experience: https://react.dev/link/react-devtools font-weight:bold @ http://localhost:5173/node_modules/.vite/deps/react-dom_client.js?v=e42ceb9e:14336
[   71604ms] [LOG] [impeccable] Live variant mode ready. Hover over elements to pick one. @ http://localhost:8400/live.js:8761
[   71964ms] [LOG] [impeccable] Live mode connected. @ http://localhost:8400/live.js:4625
[   72017ms] [LOG] [impeccable] SSE connection lost. Retry 1/20... @ http://localhost:8400/live.js:4695
[   72069ms] [INFO] %cDownload the React DevTools for a better development experience: https://react.dev/link/react-devtools font-weight:bold @ http://localhost:5173/node_modules/.vite/deps/react-dom_client.js?v=e42ceb9e:14336
[   72111ms] [LOG] [impeccable] Live variant mode ready. Hover over elements to pick one. @ http://localhost:8400/live.js:8761
[   72386ms] [LOG] [impeccable] Live mode connected. @ http://localhost:8400/live.js:4625
[   72528ms] [LOG] [impeccable] SSE connection lost. Retry 1/20... @ http://localhost:8400/live.js:4695
[   72579ms] [INFO] %cDownload the React DevTools for a better development experience: https://react.dev/link/react-devtools font-weight:bold @ http://localhost:5173/node_modules/.vite/deps/react-dom_client.js?v=e42ceb9e:14336
[   72619ms] [LOG] [impeccable] Live variant mode ready. Hover over elements to pick one. @ http://localhost:8400/live.js:8761
[   72994ms] [LOG] [impeccable] Live mode connected. @ http://localhost:8400/live.js:4625
[   73054ms] [LOG] [impeccable] SSE connection lost. Retry 1/20... @ http://localhost:8400/live.js:4695
[   73110ms] [INFO] %cDownload the React DevTools for a better development experience: https://react.dev/link/react-devtools font-weight:bold @ http://localhost:5173/node_modules/.vite/deps/react-dom_client.js?v=e42ceb9e:14336
[   73138ms] [LOG] [impeccable] Live variant mode ready. Hover over elements to pick one. @ http://localhost:8400/live.js:8761
[   73294ms] [LOG] [impeccable] Live mode connected. @ http://localhost:8400/live.js:4625
[   73485ms] [LOG] [impeccable] SSE connection lost. Retry 1/20... @ http://localhost:8400/live.js:4695
[   73549ms] [INFO] %cDownload the React DevTools for a better development experience: https://react.dev/link/react-devtools font-weight:bold @ http://localhost:5173/node_modules/.vite/deps/react-dom_client.js?v=e42ceb9e:14336
[   73576ms] [LOG] [impeccable] Live variant mode ready. Hover over elements to pick one. @ http://localhost:8400/live.js:8761
[   73731ms] [LOG] [impeccable] Live mode connected. @ http://localhost:8400/live.js:4625
[   73919ms] [LOG] [impeccable] SSE connection lost. Retry 1/20... @ http://localhost:8400/live.js:4695
[   73968ms] [INFO] %cDownload the React DevTools for a better development experience: https://react.dev/link/react-devtools font-weight:bold @ http://localhost:5173/node_modules/.vite/deps/react-dom_client.js?v=e42ceb9e:14336
[   73988ms] [LOG] [impeccable] Live variant mode ready. Hover over elements to pick one. @ http://localhost:8400/live.js:8761
[   74122ms] [LOG] [impeccable] Live mode connected. @ http://localhost:8400/live.js:4625
[   74225ms] [LOG] [impeccable] SSE connection lost. Retry 1/20... @ http://localhost:8400/live.js:4695
[   74280ms] [INFO] %cDownload the React DevTools for a better development experience: https://react.dev/link/react-devtools font-weight:bold @ http://localhost:5173/node_modules/.vite/deps/react-dom_client.js?v=e42ceb9e:14336
[   74302ms] [LOG] [impeccable] Live variant mode ready. Hover over elements to pick one. @ http://localhost:8400/live.js:8761
[   74441ms] [LOG] [impeccable] Live mode connected. @ http://localhost:8400/live.js:4625
[   74480ms] [LOG] [impeccable] SSE connection lost. Retry 1/20... @ http://localhost:8400/live.js:4695
[   74528ms] [INFO] %cDownload the React DevTools for a better development experience: https://react.dev/link/react-devtools font-weight:bold @ http://localhost:5173/node_modules/.vite/deps/react-dom_client.js?v=e42ceb9e:14336
[   74547ms] [LOG] [impeccable] Live variant mode ready. Hover over elements to pick one. @ http://localhost:8400/live.js:8761
[   74750ms] [LOG] [impeccable] Live mode connected. @ http://localhost:8400/live.js:4625
[   74891ms] [LOG] [impeccable] SSE connection lost. Retry 1/20... @ http://localhost:8400/live.js:4695
[   74939ms] [INFO] %cDownload the React DevTools for a better development experience: https://react.dev/link/react-devtools font-weight:bold @ http://localhost:5173/node_modules/.vite/deps/react-dom_client.js?v=e42ceb9e:14336
[   74964ms] [LOG] [impeccable] Live variant mode ready. Hover over elements to pick one. @ http://localhost:8400/live.js:8761
[   75094ms] [LOG] [impeccable] Live mode connected. @ http://localhost:8400/live.js:4625
[   75147ms] [LOG] [impeccable] SSE connection lost. Retry 1/20... @ http://localhost:8400/live.js:4695
[   75195ms] [INFO] %cDownload the React DevTools for a better development experience: https://react.dev/link/react-devtools font-weight:bold @ http://localhost:5173/node_modules/.vite/deps/react-dom_client.js?v=e42ceb9e:14336
[   75214ms] [LOG] [impeccable] Live variant mode ready. Hover over elements to pick one. @ http://localhost:8400/live.js:8761
[   75338ms] [LOG] [impeccable] Live mode connected. @ http://localhost:8400/live.js:4625
[   75402ms] [LOG] [impeccable] SSE connection lost. Retry 1/20... @ http://localhost:8400/live.js:4695
[   75463ms] [INFO] %cDownload the React DevTools for a better development experience: https://react.dev/link/react-devtools font-weight:bold @ http://localhost:5173/node_modules/.vite/deps/react-dom_client.js?v=e42ceb9e:14336
[   75485ms] [LOG] [impeccable] Live variant mode ready. Hover over elements to pick one. @ http://localhost:8400/live.js:8761
[   75735ms] [LOG] [impeccable] Live mode connected. @ http://localhost:8400/live.js:4625
[   76095ms] [LOG] [impeccable] SSE connection lost. Retry 1/20... @ http://localhost:8400/live.js:4695
[   76199ms] [INFO] %cDownload the React DevTools for a better development experience: https://react.dev/link/react-devtools font-weight:bold @ http://localhost:5173/node_modules/.vite/deps/react-dom_client.js?v=e42ceb9e:14336
[   76245ms] [LOG] [impeccable] Live variant mode ready. Hover over elements to pick one. @ http://localhost:8400/live.js:8761
[   76539ms] [LOG] [impeccable] Live mode connected. @ http://localhost:8400/live.js:4625
[   76932ms] [LOG] [impeccable] SSE connection lost. Retry 1/20... @ http://localhost:8400/live.js:4695
[   77063ms] [INFO] %cDownload the React DevTools for a better development experience: https://react.dev/link/react-devtools font-weight:bold @ http://localhost:5173/node_modules/.vite/deps/react-dom_client.js?v=e42ceb9e:14336
[   77113ms] [LOG] [impeccable] Live variant mode ready. Hover over elements to pick one. @ http://localhost:8400/live.js:8761
[   77253ms] [LOG] [impeccable] Live mode connected. @ http://localhost:8400/live.js:4625
[   77596ms] [LOG] [impeccable] SSE connection lost. Retry 1/20... @ http://localhost:8400/live.js:4695
[   77646ms] [INFO] %cDownload the React DevTools for a better development experience: https://react.dev/link/react-devtools font-weight:bold @ http://localhost:5173/node_modules/.vite/deps/react-dom_client.js?v=e42ceb9e:14336
[   77668ms] [LOG] [impeccable] Live variant mode ready. Hover over elements to pick one. @ http://localhost:8400/live.js:8761
[   77815ms] [LOG] [impeccable] Live mode connected. @ http://localhost:8400/live.js:4625
[   78166ms] [LOG] [impeccable] SSE connection lost. Retry 1/20... @ http://localhost:8400/live.js:4695
[   78217ms] [INFO] %cDownload the React DevTools for a better development experience: https://react.dev/link/react-devtools font-weight:bold @ http://localhost:5173/node_modules/.vite/deps/react-dom_client.js?v=e42ceb9e:14336
[   78242ms] [LOG] [impeccable] Live variant mode ready. Hover over elements to pick one. @ http://localhost:8400/live.js:8761
[   78411ms] [LOG] [impeccable] Live mode connected. @ http://localhost:8400/live.js:4625
[   78476ms] [LOG] [impeccable] SSE connection lost. Retry 1/20... @ http://localhost:8400/live.js:4695
[   78525ms] [INFO] %cDownload the React DevTools for a better development experience: https://react.dev/link/react-devtools font-weight:bold @ http://localhost:5173/node_modules/.vite/deps/react-dom_client.js?v=e42ceb9e:14336
[   78545ms] [LOG] [impeccable] Live variant mode ready. Hover over elements to pick one. @ http://localhost:8400/live.js:8761
[   78727ms] [LOG] [impeccable] Live mode connected. @ http://localhost:8400/live.js:4625
[   78888ms] [LOG] [impeccable] SSE connection lost. Retry 1/20... @ http://localhost:8400/live.js:4695
[   78946ms] [INFO] %cDownload the React DevTools for a better development experience: https://react.dev/link/react-devtools font-weight:bold @ http://localhost:5173/node_modules/.vite/deps/react-dom_client.js?v=e42ceb9e:14336
[   78976ms] [LOG] [impeccable] Live variant mode ready. Hover over elements to pick one. @ http://localhost:8400/live.js:8761
[   79119ms] [LOG] [impeccable] Live mode connected. @ http://localhost:8400/live.js:4625
[   79166ms] [LOG] [impeccable] SSE connection lost. Retry 1/20... @ http://localhost:8400/live.js:4695
[   79212ms] [INFO] %cDownload the React DevTools for a better development experience: https://react.dev/link/react-devtools font-weight:bold @ http://localhost:5173/node_modules/.vite/deps/react-dom_client.js?v=e42ceb9e:14336
[   79232ms] [LOG] [impeccable] Live variant mode ready. Hover over elements to pick one. @ http://localhost:8400/live.js:8761
[   79360ms] [LOG] [impeccable] Live mode connected. @ http://localhost:8400/live.js:4625
[   79408ms] [LOG] [impeccable] SSE connection lost. Retry 1/20... @ http://localhost:8400/live.js:4695
[   79459ms] [INFO] %cDownload the React DevTools for a better development experience: https://react.dev/link/react-devtools font-weight:bold @ http://localhost:5173/node_modules/.vite/deps/react-dom_client.js?v=e42ceb9e:14336
[   79478ms] [LOG] [impeccable] Live variant mode ready. Hover over elements to pick one. @ http://localhost:8400/live.js:8761
[   79601ms] [LOG] [impeccable] Live mode connected. @ http://localhost:8400/live.js:4625
[   79947ms] [LOG] [impeccable] SSE connection lost. Retry 1/20... @ http://localhost:8400/live.js:4695
[   79992ms] [INFO] %cDownload the React DevTools for a better development experience: https://react.dev/link/react-devtools font-weight:bold @ http://localhost:5173/node_modules/.vite/deps/react-dom_client.js?v=e42ceb9e:14336
[   80012ms] [LOG] [impeccable] Live variant mode ready. Hover over elements to pick one. @ http://localhost:8400/live.js:8761
[   80135ms] [LOG] [impeccable] Live mode connected. @ http://localhost:8400/live.js:4625
[   80415ms] [LOG] [impeccable] SSE connection lost. Retry 1/20... @ http://localhost:8400/live.js:4695
[   80457ms] [INFO] %cDownload the React DevTools for a better development experience: https://react.dev/link/react-devtools font-weight:bold @ http://localhost:5173/node_modules/.vite/deps/react-dom_client.js?v=e42ceb9e:14336
[   80475ms] [LOG] [impeccable] Live variant mode ready. Hover over elements to pick one. @ http://localhost:8400/live.js:8761
[   80585ms] [LOG] [impeccable] Live mode connected. @ http://localhost:8400/live.js:4625
[   80925ms] [LOG] [impeccable] SSE connection lost. Retry 1/20... @ http://localhost:8400/live.js:4695
[   80966ms] [INFO] %cDownload the React DevTools for a better development experience: https://react.dev/link/react-devtools font-weight:bold @ http://localhost:5173/node_modules/.vite/deps/react-dom_client.js?v=e42ceb9e:14336
[   80986ms] [LOG] [impeccable] Live variant mode ready. Hover over elements to pick one. @ http://localhost:8400/live.js:8761
[   81112ms] [LOG] [impeccable] Live mode connected. @ http://localhost:8400/live.js:4625
[   81394ms] [LOG] [impeccable] SSE connection lost. Retry 1/20... @ http://localhost:8400/live.js:4695
[   81436ms] [INFO] %cDownload the React DevTools for a better development experience: https://react.dev/link/react-devtools font-weight:bold @ http://localhost:5173/node_modules/.vite/deps/react-dom_client.js?v=e42ceb9e:14336
[   81461ms] [LOG] [impeccable] Live variant mode ready. Hover over elements to pick one. @ http://localhost:8400/live.js:8761
[   81573ms] [LOG] [impeccable] Live mode connected. @ http://localhost:8400/live.js:4625
[   81923ms] [LOG] [impeccable] SSE connection lost. Retry 1/20... @ http://localhost:8400/live.js:4695
[   81966ms] [INFO] %cDownload the React DevTools for a better development experience: https://react.dev/link/react-devtools font-weight:bold @ http://localhost:5173/node_modules/.vite/deps/react-dom_client.js?v=e42ceb9e:14336
[   81984ms] [LOG] [impeccable] Live variant mode ready. Hover over elements to pick one. @ http://localhost:8400/live.js:8761
[   82102ms] [LOG] [impeccable] Live mode connected. @ http://localhost:8400/live.js:4625
[   82413ms] [LOG] [impeccable] SSE connection lost. Retry 1/20... @ http://localhost:8400/live.js:4695
[   82456ms] [INFO] %cDownload the React DevTools for a better development experience: https://react.dev/link/react-devtools font-weight:bold @ http://localhost:5173/node_modules/.vite/deps/react-dom_client.js?v=e42ceb9e:14336
[   82474ms] [LOG] [impeccable] Live variant mode ready. Hover over elements to pick one. @ http://localhost:8400/live.js:8761
[   82580ms] [LOG] [impeccable] Live mode connected. @ http://localhost:8400/live.js:4625
[   82926ms] [LOG] [impeccable] SSE connection lost. Retry 1/20... @ http://localhost:8400/live.js:4695
[   82970ms] [INFO] %cDownload the React DevTools for a better development experience: https://react.dev/link/react-devtools font-weight:bold @ http://localhost:5173/node_modules/.vite/deps/react-dom_client.js?v=e42ceb9e:14336
[   82990ms] [LOG] [impeccable] Live variant mode ready. Hover over elements to pick one. @ http://localhost:8400/live.js:8761
[   83106ms] [LOG] [impeccable] Live mode connected. @ http://localhost:8400/live.js:4625
[   83425ms] [LOG] [impeccable] SSE connection lost. Retry 1/20... @ http://localhost:8400/live.js:4695
[   83482ms] [INFO] %cDownload the React DevTools for a better development experience: https://react.dev/link/react-devtools font-weight:bold @ http://localhost:5173/node_modules/.vite/deps/react-dom_client.js?v=e42ceb9e:14336
[   83510ms] [LOG] [impeccable] Live variant mode ready. Hover over elements to pick one. @ http://localhost:8400/live.js:8761
[   83682ms] [LOG] [impeccable] Live mode connected. @ http://localhost:8400/live.js:4625
[   84066ms] [LOG] [impeccable] SSE connection lost. Retry 1/20... @ http://localhost:8400/live.js:4695
[   84151ms] [INFO] %cDownload the React DevTools for a better development experience: https://react.dev/link/react-devtools font-weight:bold @ http://localhost:5173/node_modules/.vite/deps/react-dom_client.js?v=e42ceb9e:14336
[   84201ms] [LOG] [impeccable] Live variant mode ready. Hover over elements to pick one. @ http://localhost:8400/live.js:8761
[   84490ms] [LOG] [impeccable] Live mode connected. @ http://localhost:8400/live.js:4625
[   84912ms] [LOG] [impeccable] SSE connection lost. Retry 1/20... @ http://localhost:8400/live.js:4695
[   85011ms] [INFO] %cDownload the React DevTools for a better development experience: https://react.dev/link/react-devtools font-weight:bold @ http://localhost:5173/node_modules/.vite/deps/react-dom_client.js?v=e42ceb9e:14336
[   85062ms] [LOG] [impeccable] Live variant mode ready. Hover over elements to pick one. @ http://localhost:8400/live.js:8761
[   85352ms] [LOG] [impeccable] Live mode connected. @ http://localhost:8400/live.js:4625
[   85733ms] [LOG] [impeccable] SSE connection lost. Retry 1/20... @ http://localhost:8400/live.js:4695
[   85863ms] [INFO] %cDownload the React DevTools for a better development experience: https://react.dev/link/react-devtools font-weight:bold @ http://localhost:5173/node_modules/.vite/deps/react-dom_client.js?v=e42ceb9e:14336
[   85920ms] [LOG] [impeccable] Live variant mode ready. Hover over elements to pick one. @ http://localhost:8400/live.js:8761
[   86226ms] [LOG] [impeccable] Live mode connected. @ http://localhost:8400/live.js:4625
[   86595ms] [LOG] [impeccable] SSE connection lost. Retry 1/20... @ http://localhost:8400/live.js:4695
[   86674ms] [INFO] %cDownload the React DevTools for a better development experience: https://react.dev/link/react-devtools font-weight:bold @ http://localhost:5173/node_modules/.vite/deps/react-dom_client.js?v=e42ceb9e:14336
[   86719ms] [LOG] [impeccable] Live variant mode ready. Hover over elements to pick one. @ http://localhost:8400/live.js:8761
[   87000ms] [LOG] [impeccable] Live mode connected. @ http://localhost:8400/live.js:4625
[   87038ms] [LOG] [impeccable] SSE connection lost. Retry 1/20... @ http://localhost:8400/live.js:4695
[   87094ms] [INFO] %cDownload the React DevTools for a better development experience: https://react.dev/link/react-devtools font-weight:bold @ http://localhost:5173/node_modules/.vite/deps/react-dom_client.js?v=e42ceb9e:14336
[   87132ms] [LOG] [impeccable] Live variant mode ready. Hover over elements to pick one. @ http://localhost:8400/live.js:8761
[   87396ms] [LOG] [impeccable] Live mode connected. @ http://localhost:8400/live.js:4625
[   87485ms] [LOG] [impeccable] SSE connection lost. Retry 1/20... @ http://localhost:8400/live.js:4695
[   87551ms] [INFO] %cDownload the React DevTools for a better development experience: https://react.dev/link/react-devtools font-weight:bold @ http://localhost:5173/node_modules/.vite/deps/react-dom_client.js?v=e42ceb9e:14336
[   87594ms] [LOG] [impeccable] Live variant mode ready. Hover over elements to pick one. @ http://localhost:8400/live.js:8761
[   87903ms] [LOG] [impeccable] Live mode connected. @ http://localhost:8400/live.js:4625
[   87987ms] [LOG] [impeccable] SSE connection lost. Retry 1/20... @ http://localhost:8400/live.js:4695
[   88055ms] [INFO] %cDownload the React DevTools for a better development experience: https://react.dev/link/react-devtools font-weight:bold @ http://localhost:5173/node_modules/.vite/deps/react-dom_client.js?v=e42ceb9e:14336
[   88102ms] [LOG] [impeccable] Live variant mode ready. Hover over elements to pick one. @ http://localhost:8400/live.js:8761
[   88386ms] [LOG] [impeccable] Live mode connected. @ http://localhost:8400/live.js:4625
[   88441ms] [LOG] [impeccable] SSE connection lost. Retry 1/20... @ http://localhost:8400/live.js:4695
[   88515ms] [INFO] %cDownload the React DevTools for a better development experience: https://react.dev/link/react-devtools font-weight:bold @ http://localhost:5173/node_modules/.vite/deps/react-dom_client.js?v=e42ceb9e:14336
[   88555ms] [LOG] [impeccable] Live variant mode ready. Hover over elements to pick one. @ http://localhost:8400/live.js:8761
[   88871ms] [LOG] [impeccable] Live mode connected. @ http://localhost:8400/live.js:4625
[   88934ms] [LOG] [impeccable] SSE connection lost. Retry 1/20... @ http://localhost:8400/live.js:4695
[   89029ms] [INFO] %cDownload the React DevTools for a better development experience: https://react.dev/link/react-devtools font-weight:bold @ http://localhost:5173/node_modules/.vite/deps/react-dom_client.js?v=e42ceb9e:14336
[   89072ms] [LOG] [impeccable] Live variant mode ready. Hover over elements to pick one. @ http://localhost:8400/live.js:8761
[   89348ms] [LOG] [impeccable] Live mode connected. @ http://localhost:8400/live.js:4625
[   89423ms] [LOG] [impeccable] SSE connection lost. Retry 1/20... @ http://localhost:8400/live.js:4695
[   89497ms] [INFO] %cDownload the React DevTools for a better development experience: https://react.dev/link/react-devtools font-weight:bold @ http://localhost:5173/node_modules/.vite/deps/react-dom_client.js?v=e42ceb9e:14336
[   89543ms] [LOG] [impeccable] Live variant mode ready. Hover over elements to pick one. @ http://localhost:8400/live.js:8761
[   89865ms] [LOG] [impeccable] Live mode connected. @ http://localhost:8400/live.js:4625
[   89918ms] [LOG] [impeccable] SSE connection lost. Retry 1/20... @ http://localhost:8400/live.js:4695
[   90047ms] [INFO] %cDownload the React DevTools for a better development experience: https://react.dev/link/react-devtools font-weight:bold @ http://localhost:5173/node_modules/.vite/deps/react-dom_client.js?v=e42ceb9e:14336
[   90096ms] [LOG] [impeccable] Live variant mode ready. Hover over elements to pick one. @ http://localhost:8400/live.js:8761
[   90383ms] [LOG] [impeccable] Live mode connected. @ http://localhost:8400/live.js:4625
[   90752ms] [LOG] [impeccable] SSE connection lost. Retry 1/20... @ http://localhost:8400/live.js:4695
[   90835ms] [INFO] %cDownload the React DevTools for a better development experience: https://react.dev/link/react-devtools font-weight:bold @ http://localhost:5173/node_modules/.vite/deps/react-dom_client.js?v=e42ceb9e:14336
[   90882ms] [LOG] [impeccable] Live variant mode ready. Hover over elements to pick one. @ http://localhost:8400/live.js:8761
[   91174ms] [LOG] [impeccable] Live mode connected. @ http://localhost:8400/live.js:4625
[   91215ms] [LOG] [impeccable] SSE connection lost. Retry 1/20... @ http://localhost:8400/live.js:4695
[   91271ms] [INFO] %cDownload the React DevTools for a better development experience: https://react.dev/link/react-devtools font-weight:bold @ http://localhost:5173/node_modules/.vite/deps/react-dom_client.js?v=e42ceb9e:14336
[   91313ms] [LOG] [impeccable] Live variant mode ready. Hover over elements to pick one. @ http://localhost:8400/live.js:8761
[   91585ms] [LOG] [impeccable] Live mode connected. @ http://localhost:8400/live.js:4625
[   91670ms] [LOG] [impeccable] SSE connection lost. Retry 1/20... @ http://localhost:8400/live.js:4695
[   91735ms] [INFO] %cDownload the React DevTools for a better development experience: https://react.dev/link/react-devtools font-weight:bold @ http://localhost:5173/node_modules/.vite/deps/react-dom_client.js?v=e42ceb9e:14336
[   91781ms] [LOG] [impeccable] Live variant mode ready. Hover over elements to pick one. @ http://localhost:8400/live.js:8761
[   92075ms] [LOG] [impeccable] Live mode connected. @ http://localhost:8400/live.js:4625
[   92180ms] [LOG] [impeccable] SSE connection lost. Retry 1/20... @ http://localhost:8400/live.js:4695
[   92267ms] [INFO] %cDownload the React DevTools for a better development experience: https://react.dev/link/react-devtools font-weight:bold @ http://localhost:5173/node_modules/.vite/deps/react-dom_client.js?v=e42ceb9e:14336
[   92308ms] [LOG] [impeccable] Live variant mode ready. Hover over elements to pick one. @ http://localhost:8400/live.js:8761
[   92584ms] [LOG] [impeccable] Live mode connected. @ http://localhost:8400/live.js:4625
[   93022ms] [LOG] [impeccable] SSE connection lost. Retry 1/20... @ http://localhost:8400/live.js:4695
[   93136ms] [INFO] %cDownload the React DevTools for a better development experience: https://react.dev/link/react-devtools font-weight:bold @ http://localhost:5173/node_modules/.vite/deps/react-dom_client.js?v=e42ceb9e:14336
[   93187ms] [LOG] [impeccable] Live variant mode ready. Hover over elements to pick one. @ http://localhost:8400/live.js:8761
[   93482ms] [LOG] [impeccable] Live mode connected. @ http://localhost:8400/live.js:4625
[   93839ms] [LOG] [impeccable] SSE connection lost. Retry 1/20... @ http://localhost:8400/live.js:4695
[   93927ms] [INFO] %cDownload the React DevTools for a better development experience: https://react.dev/link/react-devtools font-weight:bold @ http://localhost:5173/node_modules/.vite/deps/react-dom_client.js?v=e42ceb9e:14336
[   93969ms] [LOG] [impeccable] Live variant mode ready. Hover over elements to pick one. @ http://localhost:8400/live.js:8761
[   94237ms] [LOG] [impeccable] SSE connection lost. Retry 1/20... @ http://localhost:8400/live.js:4695
[   94237ms] [WARNING] [impeccable] failed to fetch pending count: TypeError: Failed to fetch @ http://localhost:8400/live.js:3549
[   94311ms] [INFO] %cDownload the React DevTools for a better development experience: https://react.dev/link/react-devtools font-weight:bold @ http://localhost:5173/node_modules/.vite/deps/react-dom_client.js?v=e42ceb9e:14336
[   94352ms] [LOG] [impeccable] Live variant mode ready. Hover over elements to pick one. @ http://localhost:8400/live.js:8761
[   94670ms] [LOG] [impeccable] Live mode connected. @ http://localhost:8400/live.js:4625
[   94935ms] [LOG] [impeccable] SSE connection lost. Retry 1/20... @ http://localhost:8400/live.js:4695
[   95049ms] [INFO] %cDownload the React DevTools for a better development experience: https://react.dev/link/react-devtools font-weight:bold @ http://localhost:5173/node_modules/.vite/deps/react-dom_client.js?v=e42ceb9e:14336
[   95098ms] [LOG] [impeccable] Live variant mode ready. Hover over elements to pick one. @ http://localhost:8400/live.js:8761
[   95378ms] [LOG] [impeccable] Live mode connected. @ http://localhost:8400/live.js:4625
[   95441ms] [LOG] [impeccable] SSE connection lost. Retry 1/20... @ http://localhost:8400/live.js:4695
[   95508ms] [INFO] %cDownload the React DevTools for a better development experience: https://react.dev/link/react-devtools font-weight:bold @ http://localhost:5173/node_modules/.vite/deps/react-dom_client.js?v=e42ceb9e:14336
[   95552ms] [LOG] [impeccable] Live variant mode ready. Hover over elements to pick one. @ http://localhost:8400/live.js:8761
[   95861ms] [LOG] [impeccable] Live mode connected. @ http://localhost:8400/live.js:4625
[   95917ms] [LOG] [impeccable] SSE connection lost. Retry 1/20... @ http://localhost:8400/live.js:4695
[   96013ms] [INFO] %cDownload the React DevTools for a better development experience: https://react.dev/link/react-devtools font-weight:bold @ http://localhost:5173/node_modules/.vite/deps/react-dom_client.js?v=e42ceb9e:14336
[   96058ms] [LOG] [impeccable] Live variant mode ready. Hover over elements to pick one. @ http://localhost:8400/live.js:8761
[   96335ms] [LOG] [impeccable] Live mode connected. @ http://localhost:8400/live.js:4625
[   96696ms] [LOG] [impeccable] SSE connection lost. Retry 1/20... @ http://localhost:8400/live.js:4695
[   96772ms] [INFO] %cDownload the React DevTools for a better development experience: https://react.dev/link/react-devtools font-weight:bold @ http://localhost:5173/node_modules/.vite/deps/react-dom_client.js?v=e42ceb9e:14336
[   96836ms] [LOG] [impeccable] Live variant mode ready. Hover over elements to pick one. @ http://localhost:8400/live.js:8761
[   97160ms] [LOG] [impeccable] Live mode connected. @ http://localhost:8400/live.js:4625
[   97529ms] [LOG] [impeccable] SSE connection lost. Retry 1/20... @ http://localhost:8400/live.js:4695
[   97610ms] [INFO] %cDownload the React DevTools for a better development experience: https://react.dev/link/react-devtools font-weight:bold @ http://localhost:5173/node_modules/.vite/deps/react-dom_client.js?v=e42ceb9e:14336
[   97654ms] [LOG] [impeccable] Live variant mode ready. Hover over elements to pick one. @ http://localhost:8400/live.js:8761
[   97987ms] [LOG] [impeccable] Live mode connected. @ http://localhost:8400/live.js:4625
[   98030ms] [LOG] [impeccable] SSE connection lost. Retry 1/20... @ http://localhost:8400/live.js:4695
[   98090ms] [INFO] %cDownload the React DevTools for a better development experience: https://react.dev/link/react-devtools font-weight:bold @ http://localhost:5173/node_modules/.vite/deps/react-dom_client.js?v=e42ceb9e:14336
[   98134ms] [LOG] [impeccable] Live variant mode ready. Hover over elements to pick one. @ http://localhost:8400/live.js:8761
[   98419ms] [LOG] [impeccable] Live mode connected. @ http://localhost:8400/live.js:4625
[   98494ms] [LOG] [impeccable] SSE connection lost. Retry 1/20... @ http://localhost:8400/live.js:4695
[   98568ms] [INFO] %cDownload the React DevTools for a better development experience: https://react.dev/link/react-devtools font-weight:bold @ http://localhost:5173/node_modules/.vite/deps/react-dom_client.js?v=e42ceb9e:14336
[   98614ms] [LOG] [impeccable] Live variant mode ready. Hover over elements to pick one. @ http://localhost:8400/live.js:8761
[   98933ms] [LOG] [impeccable] Live mode connected. @ http://localhost:8400/live.js:4625
[   99001ms] [LOG] [impeccable] SSE connection lost. Retry 1/20... @ http://localhost:8400/live.js:4695
[   99077ms] [INFO] %cDownload the React DevTools for a better development experience: https://react.dev/link/react-devtools font-weight:bold @ http://localhost:5173/node_modules/.vite/deps/react-dom_client.js?v=e42ceb9e:14336
[   99122ms] [LOG] [impeccable] Live variant mode ready. Hover over elements to pick one. @ http://localhost:8400/live.js:8761
[   99402ms] [LOG] [impeccable] Live mode connected. @ http://localhost:8400/live.js:4625
[   99807ms] [LOG] [impeccable] SSE connection lost. Retry 1/20... @ http://localhost:8400/live.js:4695
[   99940ms] [INFO] %cDownload the React DevTools for a better development experience: https://react.dev/link/react-devtools font-weight:bold @ http://localhost:5173/node_modules/.vite/deps/react-dom_client.js?v=e42ceb9e:14336
[   99992ms] [LOG] [impeccable] Live variant mode ready. Hover over elements to pick one. @ http://localhost:8400/live.js:8761
[  100272ms] [LOG] [impeccable] Live mode connected. @ http://localhost:8400/live.js:4625
[  100628ms] [LOG] [impeccable] SSE connection lost. Retry 1/20... @ http://localhost:8400/live.js:4695
[  100703ms] [INFO] %cDownload the React DevTools for a better development experience: https://react.dev/link/react-devtools font-weight:bold @ http://localhost:5173/node_modules/.vite/deps/react-dom_client.js?v=e42ceb9e:14336
[  100762ms] [LOG] [impeccable] Live variant mode ready. Hover over elements to pick one. @ http://localhost:8400/live.js:8761
[  101087ms] [LOG] [impeccable] Live mode connected. @ http://localhost:8400/live.js:4625
[  101461ms] [LOG] [impeccable] SSE connection lost. Retry 1/20... @ http://localhost:8400/live.js:4695
[  101542ms] [INFO] %cDownload the React DevTools for a better development experience: https://react.dev/link/react-devtools font-weight:bold @ http://localhost:5173/node_modules/.vite/deps/react-dom_client.js?v=e42ceb9e:14336
[  101586ms] [LOG] [impeccable] Live variant mode ready. Hover over elements to pick one. @ http://localhost:8400/live.js:8761
[  101913ms] [LOG] [impeccable] Live mode connected. @ http://localhost:8400/live.js:4625
[  101981ms] [LOG] [impeccable] SSE connection lost. Retry 1/20... @ http://localhost:8400/live.js:4695
[  102051ms] [INFO] %cDownload the React DevTools for a better development experience: https://react.dev/link/react-devtools font-weight:bold @ http://localhost:5173/node_modules/.vite/deps/react-dom_client.js?v=e42ceb9e:14336
[  102095ms] [LOG] [impeccable] Live variant mode ready. Hover over elements to pick one. @ http://localhost:8400/live.js:8761
[  102369ms] [LOG] [impeccable] Live mode connected. @ http://localhost:8400/live.js:4625
[  102452ms] [LOG] [impeccable] SSE connection lost. Retry 1/20... @ http://localhost:8400/live.js:4695
[  102518ms] [INFO] %cDownload the React DevTools for a better development experience: https://react.dev/link/react-devtools font-weight:bold @ http://localhost:5173/node_modules/.vite/deps/react-dom_client.js?v=e42ceb9e:14336
[  102566ms] [LOG] [impeccable] Live variant mode ready. Hover over elements to pick one. @ http://localhost:8400/live.js:8761
[  102886ms] [LOG] [impeccable] Live mode connected. @ http://localhost:8400/live.js:4625
[  102977ms] [LOG] [impeccable] SSE connection lost. Retry 1/20... @ http://localhost:8400/live.js:4695
[  103050ms] [INFO] %cDownload the React DevTools for a better development experience: https://react.dev/link/react-devtools font-weight:bold @ http://localhost:5173/node_modules/.vite/deps/react-dom_client.js?v=e42ceb9e:14336
[  103097ms] [LOG] [impeccable] Live variant mode ready. Hover over elements to pick one. @ http://localhost:8400/live.js:8761
[  103382ms] [LOG] [impeccable] Live mode connected. @ http://localhost:8400/live.js:4625
[  103731ms] [LOG] [impeccable] SSE connection lost. Retry 1/20... @ http://localhost:8400/live.js:4695
[  103802ms] [INFO] %cDownload the React DevTools for a better development experience: https://react.dev/link/react-devtools font-weight:bold @ http://localhost:5173/node_modules/.vite/deps/react-dom_client.js?v=e42ceb9e:14336
[  103843ms] [LOG] [impeccable] Live variant mode ready. Hover over elements to pick one. @ http://localhost:8400/live.js:8761
[  104117ms] [LOG] [impeccable] Live mode connected. @ http://localhost:8400/live.js:4625
[  104478ms] [LOG] [impeccable] SSE connection lost. Retry 1/20... @ http://localhost:8400/live.js:4695
[  104563ms] [INFO] %cDownload the React DevTools for a better development experience: https://react.dev/link/react-devtools font-weight:bold @ http://localhost:5173/node_modules/.vite/deps/react-dom_client.js?v=e42ceb9e:14336
[  104610ms] [LOG] [impeccable] Live variant mode ready. Hover over elements to pick one. @ http://localhost:8400/live.js:8761
[  104936ms] [LOG] [impeccable] Live mode connected. @ http://localhost:8400/live.js:4625
[  105300ms] [LOG] [impeccable] SSE connection lost. Retry 1/20... @ http://localhost:8400/live.js:4695
[  105373ms] [INFO] %cDownload the React DevTools for a better development experience: https://react.dev/link/react-devtools font-weight:bold @ http://localhost:5173/node_modules/.vite/deps/react-dom_client.js?v=e42ceb9e:14336
[  105417ms] [LOG] [impeccable] Live variant mode ready. Hover over elements to pick one. @ http://localhost:8400/live.js:8761
[  105726ms] [LOG] [impeccable] Live mode connected. @ http://localhost:8400/live.js:4625
[  105954ms] [LOG] [impeccable] SSE connection lost. Retry 1/20... @ http://localhost:8400/live.js:4695
[  106068ms] [INFO] %cDownload the React DevTools for a better development experience: https://react.dev/link/react-devtools font-weight:bold @ http://localhost:5173/node_modules/.vite/deps/react-dom_client.js?v=e42ceb9e:14336
[  106114ms] [LOG] [impeccable] Live variant mode ready. Hover over elements to pick one. @ http://localhost:8400/live.js:8761
[  106462ms] [LOG] [impeccable] Live mode connected. @ http://localhost:8400/live.js:4625
[  106564ms] [LOG] [impeccable] SSE connection lost. Retry 1/20... @ http://localhost:8400/live.js:4695
[  106735ms] [INFO] %cDownload the React DevTools for a better development experience: https://react.dev/link/react-devtools font-weight:bold @ http://localhost:5173/node_modules/.vite/deps/react-dom_client.js?v=e42ceb9e:14336
[  106791ms] [LOG] [impeccable] Live variant mode ready. Hover over elements to pick one. @ http://localhost:8400/live.js:8761
[  107185ms] [LOG] [impeccable] Live mode connected. @ http://localhost:8400/live.js:4625
[  107577ms] [LOG] [impeccable] SSE connection lost. Retry 1/20... @ http://localhost:8400/live.js:4695
[  107780ms] [INFO] %cDownload the React DevTools for a better development experience: https://react.dev/link/react-devtools font-weight:bold @ http://localhost:5173/node_modules/.vite/deps/react-dom_client.js?v=e42ceb9e:14336
[  107831ms] [LOG] [impeccable] Live variant mode ready. Hover over elements to pick one. @ http://localhost:8400/live.js:8761
[  108190ms] [LOG] [impeccable] Live mode connected. @ http://localhost:8400/live.js:4625
[  108589ms] [LOG] [impeccable] SSE connection lost. Retry 1/20... @ http://localhost:8400/live.js:4695
[  108796ms] [INFO] %cDownload the React DevTools for a better development experience: https://react.dev/link/react-devtools font-weight:bold @ http://localhost:5173/node_modules/.vite/deps/react-dom_client.js?v=e42ceb9e:14336
[  108855ms] [LOG] [impeccable] Live variant mode ready. Hover over elements to pick one. @ http://localhost:8400/live.js:8761
[  109222ms] [LOG] [impeccable] Live mode connected. @ http://localhost:8400/live.js:4625
[  109608ms] [LOG] [impeccable] SSE connection lost. Retry 1/20... @ http://localhost:8400/live.js:4695
[  109767ms] [INFO] %cDownload the React DevTools for a better development experience: https://react.dev/link/react-devtools font-weight:bold @ http://localhost:5173/node_modules/.vite/deps/react-dom_client.js?v=e42ceb9e:14336
[  109819ms] [LOG] [impeccable] Live variant mode ready. Hover over elements to pick one. @ http://localhost:8400/live.js:8761
[  110134ms] [LOG] [impeccable] Live mode connected. @ http://localhost:8400/live.js:4625
[  110536ms] [LOG] [impeccable] SSE connection lost. Retry 1/20... @ http://localhost:8400/live.js:4695
[  110651ms] [INFO] %cDownload the React DevTools for a better development experience: https://react.dev/link/react-devtools font-weight:bold @ http://localhost:5173/node_modules/.vite/deps/react-dom_client.js?v=e42ceb9e:14336
[  110683ms] [LOG] [impeccable] Live variant mode ready. Hover over elements to pick one. @ http://localhost:8400/live.js:8761
[  110883ms] [LOG] [impeccable] Live mode connected. @ http://localhost:8400/live.js:4625
[  111262ms] [LOG] [impeccable] SSE connection lost. Retry 1/20... @ http://localhost:8400/live.js:4695
[  111473ms] [INFO] %cDownload the React DevTools for a better development experience: https://react.dev/link/react-devtools font-weight:bold @ http://localhost:5173/node_modules/.vite/deps/react-dom_client.js?v=e42ceb9e:14336
[  111522ms] [LOG] [impeccable] Live variant mode ready. Hover over elements to pick one. @ http://localhost:8400/live.js:8761
[  111838ms] [LOG] [impeccable] Live mode connected. @ http://localhost:8400/live.js:4625
[  112227ms] [LOG] [impeccable] SSE connection lost. Retry 1/20... @ http://localhost:8400/live.js:4695
[  112392ms] [INFO] %cDownload the React DevTools for a better development experience: https://react.dev/link/react-devtools font-weight:bold @ http://localhost:5173/node_modules/.vite/deps/react-dom_client.js?v=e42ceb9e:14336
[  112442ms] [LOG] [impeccable] Live variant mode ready. Hover over elements to pick one. @ http://localhost:8400/live.js:8761
[  112732ms] [LOG] [impeccable] Live mode connected. @ http://localhost:8400/live.js:4625
[  113190ms] [LOG] [impeccable] SSE connection lost. Retry 1/20... @ http://localhost:8400/live.js:4695
[  113432ms] [INFO] %cDownload the React DevTools for a better development experience: https://react.dev/link/react-devtools font-weight:bold @ http://localhost:5173/node_modules/.vite/deps/react-dom_client.js?v=e42ceb9e:14336
[  113478ms] [LOG] [impeccable] Live variant mode ready. Hover over elements to pick one. @ http://localhost:8400/live.js:8761
[  113778ms] [LOG] [impeccable] Live mode connected. @ http://localhost:8400/live.js:4625
[  114167ms] [LOG] [impeccable] SSE connection lost. Retry 1/20... @ http://localhost:8400/live.js:4695
[  114343ms] [INFO] %cDownload the React DevTools for a better development experience: https://react.dev/link/react-devtools font-weight:bold @ http://localhost:5173/node_modules/.vite/deps/react-dom_client.js?v=e42ceb9e:14336
[  114395ms] [LOG] [impeccable] Live variant mode ready. Hover over elements to pick one. @ http://localhost:8400/live.js:8761
[  114703ms] [LOG] [impeccable] Live mode connected. @ http://localhost:8400/live.js:4625
[  114768ms] [LOG] [impeccable] SSE connection lost. Retry 1/20... @ http://localhost:8400/live.js:4695
[  114900ms] [INFO] %cDownload the React DevTools for a better development experience: https://react.dev/link/react-devtools font-weight:bold @ http://localhost:5173/node_modules/.vite/deps/react-dom_client.js?v=e42ceb9e:14336
[  114948ms] [LOG] [impeccable] Live variant mode ready. Hover over elements to pick one. @ http://localhost:8400/live.js:8761
[  115268ms] [LOG] [impeccable] Live mode connected. @ http://localhost:8400/live.js:4625
[  115435ms] [LOG] [impeccable] SSE connection lost. Retry 1/20... @ http://localhost:8400/live.js:4695
[  115583ms] [INFO] %cDownload the React DevTools for a better development experience: https://react.dev/link/react-devtools font-weight:bold @ http://localhost:5173/node_modules/.vite/deps/react-dom_client.js?v=e42ceb9e:14336
[  115631ms] [LOG] [impeccable] Live variant mode ready. Hover over elements to pick one. @ http://localhost:8400/live.js:8761
[  115951ms] [LOG] [impeccable] Live mode connected. @ http://localhost:8400/live.js:4625
[  116328ms] [LOG] [impeccable] SSE connection lost. Retry 1/20... @ http://localhost:8400/live.js:4695
[  116499ms] [INFO] %cDownload the React DevTools for a better development experience: https://react.dev/link/react-devtools font-weight:bold @ http://localhost:5173/node_modules/.vite/deps/react-dom_client.js?v=e42ceb9e:14336
[  116549ms] [LOG] [impeccable] Live variant mode ready. Hover over elements to pick one. @ http://localhost:8400/live.js:8761
[  116870ms] [LOG] [impeccable] Live mode connected. @ http://localhost:8400/live.js:4625
[  116936ms] [LOG] [impeccable] SSE connection lost. Retry 1/20... @ http://localhost:8400/live.js:4695
[  117022ms] [INFO] %cDownload the React DevTools for a better development experience: https://react.dev/link/react-devtools font-weight:bold @ http://localhost:5173/node_modules/.vite/deps/react-dom_client.js?v=e42ceb9e:14336
[  117067ms] [LOG] [impeccable] Live variant mode ready. Hover over elements to pick one. @ http://localhost:8400/live.js:8761
[  117362ms] [LOG] [impeccable] Live mode connected. @ http://localhost:8400/live.js:4625
[  117490ms] [LOG] [impeccable] SSE connection lost. Retry 1/20... @ http://localhost:8400/live.js:4695
[  117635ms] [INFO] %cDownload the React DevTools for a better development experience: https://react.dev/link/react-devtools font-weight:bold @ http://localhost:5173/node_modules/.vite/deps/react-dom_client.js?v=e42ceb9e:14336
[  117683ms] [LOG] [impeccable] Live variant mode ready. Hover over elements to pick one. @ http://localhost:8400/live.js:8761
[  117990ms] [LOG] [impeccable] Live mode connected. @ http://localhost:8400/live.js:4625
[  118159ms] [LOG] [impeccable] SSE connection lost. Retry 1/20... @ http://localhost:8400/live.js:4695
[  118319ms] [INFO] %cDownload the React DevTools for a better development experience: https://react.dev/link/react-devtools font-weight:bold @ http://localhost:5173/node_modules/.vite/deps/react-dom_client.js?v=e42ceb9e:14336
[  118366ms] [LOG] [impeccable] Live variant mode ready. Hover over elements to pick one. @ http://localhost:8400/live.js:8761
[  118658ms] [LOG] [impeccable] Live mode connected. @ http://localhost:8400/live.js:4625
[  119034ms] [LOG] [impeccable] SSE connection lost. Retry 1/20... @ http://localhost:8400/live.js:4695
[  119187ms] [INFO] %cDownload the React DevTools for a better development experience: https://react.dev/link/react-devtools font-weight:bold @ http://localhost:5173/node_modules/.vite/deps/react-dom_client.js?v=e42ceb9e:14336
[  119236ms] [LOG] [impeccable] Live variant mode ready. Hover over elements to pick one. @ http://localhost:8400/live.js:8761
[  119533ms] [LOG] [impeccable] Live mode connected. @ http://localhost:8400/live.js:4625
[  119918ms] [LOG] [impeccable] SSE connection lost. Retry 1/20... @ http://localhost:8400/live.js:4695
[  120081ms] [INFO] %cDownload the React DevTools for a better development experience: https://react.dev/link/react-devtools font-weight:bold @ http://localhost:5173/node_modules/.vite/deps/react-dom_client.js?v=e42ceb9e:14336
[  120129ms] [LOG] [impeccable] Live variant mode ready. Hover over elements to pick one. @ http://localhost:8400/live.js:8761
[  120459ms] [LOG] [impeccable] Live mode connected. @ http://localhost:8400/live.js:4625
[  120866ms] [LOG] [impeccable] SSE connection lost. Retry 1/20... @ http://localhost:8400/live.js:4695
[  121047ms] [INFO] %cDownload the React DevTools for a better development experience: https://react.dev/link/react-devtools font-weight:bold @ http://localhost:5173/node_modules/.vite/deps/react-dom_client.js?v=e42ceb9e:14336
[  121094ms] [LOG] [impeccable] Live variant mode ready. Hover over elements to pick one. @ http://localhost:8400/live.js:8761
[  121391ms] [LOG] [impeccable] Live mode connected. @ http://localhost:8400/live.js:4625
[  121510ms] [LOG] [impeccable] SSE connection lost. Retry 1/20... @ http://localhost:8400/live.js:4695
[  121710ms] [INFO] %cDownload the React DevTools for a better development experience: https://react.dev/link/react-devtools font-weight:bold @ http://localhost:5173/node_modules/.vite/deps/react-dom_client.js?v=e42ceb9e:14336
[  121758ms] [LOG] [impeccable] Live variant mode ready. Hover over elements to pick one. @ http://localhost:8400/live.js:8761
[  122092ms] [LOG] [impeccable] Live mode connected. @ http://localhost:8400/live.js:4625
[  122484ms] [LOG] [impeccable] SSE connection lost. Retry 1/20... @ http://localhost:8400/live.js:4695
[  122672ms] [INFO] %cDownload the React DevTools for a better development experience: https://react.dev/link/react-devtools font-weight:bold @ http://localhost:5173/node_modules/.vite/deps/react-dom_client.js?v=e42ceb9e:14336
[  122725ms] [LOG] [impeccable] Live variant mode ready. Hover over elements to pick one. @ http://localhost:8400/live.js:8761
[  123036ms] [LOG] [impeccable] Live mode connected. @ http://localhost:8400/live.js:4625
[  123366ms] [LOG] [impeccable] SSE connection lost. Retry 1/20... @ http://localhost:8400/live.js:4695
[  123609ms] [INFO] %cDownload the React DevTools for a better development experience: https://react.dev/link/react-devtools font-weight:bold @ http://localhost:5173/node_modules/.vite/deps/react-dom_client.js?v=e42ceb9e:14336
[  123655ms] [LOG] [impeccable] Live variant mode ready. Hover over elements to pick one. @ http://localhost:8400/live.js:8761
[  123977ms] [LOG] [impeccable] Live mode connected. @ http://localhost:8400/live.js:4625
[  124356ms] [LOG] [impeccable] SSE connection lost. Retry 1/20... @ http://localhost:8400/live.js:4695
[  124509ms] [INFO] %cDownload the React DevTools for a better development experience: https://react.dev/link/react-devtools font-weight:bold @ http://localhost:5173/node_modules/.vite/deps/react-dom_client.js?v=e42ceb9e:14336
[  124560ms] [LOG] [impeccable] Live variant mode ready. Hover over elements to pick one. @ http://localhost:8400/live.js:8761
[  124858ms] [LOG] [impeccable] Live mode connected. @ http://localhost:8400/live.js:4625
[  125248ms] [LOG] [impeccable] SSE connection lost. Retry 1/20... @ http://localhost:8400/live.js:4695
[  125395ms] [INFO] %cDownload the React DevTools for a better development experience: https://react.dev/link/react-devtools font-weight:bold @ http://localhost:5173/node_modules/.vite/deps/react-dom_client.js?v=e42ceb9e:14336
[  125444ms] [LOG] [impeccable] Live variant mode ready. Hover over elements to pick one. @ http://localhost:8400/live.js:8761
[  125737ms] [LOG] [impeccable] Live mode connected. @ http://localhost:8400/live.js:4625
[  126128ms] [LOG] [impeccable] SSE connection lost. Retry 1/20... @ http://localhost:8400/live.js:4695
[  126283ms] [INFO] %cDownload the React DevTools for a better development experience: https://react.dev/link/react-devtools font-weight:bold @ http://localhost:5173/node_modules/.vite/deps/react-dom_client.js?v=e42ceb9e:14336
[  126336ms] [LOG] [impeccable] Live variant mode ready. Hover over elements to pick one. @ http://localhost:8400/live.js:8761
[  126633ms] [LOG] [impeccable] Live mode connected. @ http://localhost:8400/live.js:4625
[  127009ms] [LOG] [impeccable] SSE connection lost. Retry 1/20... @ http://localhost:8400/live.js:4695
[  127166ms] [INFO] %cDownload the React DevTools for a better development experience: https://react.dev/link/react-devtools font-weight:bold @ http://localhost:5173/node_modules/.vite/deps/react-dom_client.js?v=e42ceb9e:14336
[  127212ms] [LOG] [impeccable] Live variant mode ready. Hover over elements to pick one. @ http://localhost:8400/live.js:8761
[  127505ms] [LOG] [impeccable] Live mode connected. @ http://localhost:8400/live.js:4625
[  127886ms] [LOG] [impeccable] SSE connection lost. Retry 1/20... @ http://localhost:8400/live.js:4695
[  128066ms] [INFO] %cDownload the React DevTools for a better development experience: https://react.dev/link/react-devtools font-weight:bold @ http://localhost:5173/node_modules/.vite/deps/react-dom_client.js?v=e42ceb9e:14336
[  128114ms] [LOG] [impeccable] Live variant mode ready. Hover over elements to pick one. @ http://localhost:8400/live.js:8761
[  128396ms] [LOG] [impeccable] SSE connection lost. Retry 1/20... @ http://localhost:8400/live.js:4695
[  128396ms] [WARNING] [impeccable] failed to fetch pending count: TypeError: Failed to fetch @ http://localhost:8400/live.js:3549
[  128516ms] [INFO] %cDownload the React DevTools for a better development experience: https://react.dev/link/react-devtools font-weight:bold @ http://localhost:5173/node_modules/.vite/deps/react-dom_client.js?v=e42ceb9e:14336
[  128563ms] [LOG] [impeccable] Live variant mode ready. Hover over elements to pick one. @ http://localhost:8400/live.js:8761
[  128896ms] [LOG] [impeccable] Live mode connected. @ http://localhost:8400/live.js:4625
[  129149ms] [LOG] [impeccable] SSE connection lost. Retry 1/20... @ http://localhost:8400/live.js:4695
[  129295ms] [INFO] %cDownload the React DevTools for a better development experience: https://react.dev/link/react-devtools font-weight:bold @ http://localhost:5173/node_modules/.vite/deps/react-dom_client.js?v=e42ceb9e:14336
[  129345ms] [LOG] [impeccable] Live variant mode ready. Hover over elements to pick one. @ http://localhost:8400/live.js:8761
[  129644ms] [LOG] [impeccable] Live mode connected. @ http://localhost:8400/live.js:4625
[  129810ms] [LOG] [impeccable] SSE connection lost. Retry 1/20... @ http://localhost:8400/live.js:4695
[  129962ms] [INFO] %cDownload the React DevTools for a better development experience: https://react.dev/link/react-devtools font-weight:bold @ http://localhost:5173/node_modules/.vite/deps/react-dom_client.js?v=e42ceb9e:14336
[  130013ms] [LOG] [impeccable] Live variant mode ready. Hover over elements to pick one. @ http://localhost:8400/live.js:8761
[  130305ms] [LOG] [impeccable] Live mode connected. @ http://localhost:8400/live.js:4625
[  130393ms] [LOG] [impeccable] SSE connection lost. Retry 1/20... @ http://localhost:8400/live.js:4695
[  130592ms] [INFO] %cDownload the React DevTools for a better development experience: https://react.dev/link/react-devtools font-weight:bold @ http://localhost:5173/node_modules/.vite/deps/react-dom_client.js?v=e42ceb9e:14336
[  130643ms] [LOG] [impeccable] Live variant mode ready. Hover over elements to pick one. @ http://localhost:8400/live.js:8761
[  130976ms] [LOG] [impeccable] Live mode connected. @ http://localhost:8400/live.js:4625
[  131351ms] [LOG] [impeccable] SSE connection lost. Retry 1/20... @ http://localhost:8400/live.js:4695
[  131514ms] [INFO] %cDownload the React DevTools for a better development experience: https://react.dev/link/react-devtools font-weight:bold @ http://localhost:5173/node_modules/.vite/deps/react-dom_client.js?v=e42ceb9e:14336
[  131563ms] [LOG] [impeccable] Live variant mode ready. Hover over elements to pick one. @ http://localhost:8400/live.js:8761
[  131872ms] [LOG] [impeccable] Live mode connected. @ http://localhost:8400/live.js:4625
[  132350ms] [LOG] [impeccable] SSE connection lost. Retry 1/20... @ http://localhost:8400/live.js:4695
[  132583ms] [INFO] %cDownload the React DevTools for a better development experience: https://react.dev/link/react-devtools font-weight:bold @ http://localhost:5173/node_modules/.vite/deps/react-dom_client.js?v=e42ceb9e:14336
[  132632ms] [LOG] [impeccable] Live variant mode ready. Hover over elements to pick one. @ http://localhost:8400/live.js:8761
[  132927ms] [LOG] [impeccable] Live mode connected. @ http://localhost:8400/live.js:4625
[  133308ms] [LOG] [impeccable] SSE connection lost. Retry 1/20... @ http://localhost:8400/live.js:4695
[  133466ms] [INFO] %cDownload the React DevTools for a better development experience: https://react.dev/link/react-devtools font-weight:bold @ http://localhost:5173/node_modules/.vite/deps/react-dom_client.js?v=e42ceb9e:14336
[  133513ms] [LOG] [impeccable] Live variant mode ready. Hover over elements to pick one. @ http://localhost:8400/live.js:8761
[  133824ms] [LOG] [impeccable] Live mode connected. @ http://localhost:8400/live.js:4625
[  133916ms] [LOG] [impeccable] SSE connection lost. Retry 1/20... @ http://localhost:8400/live.js:4695
[  134003ms] [INFO] %cDownload the React DevTools for a better development experience: https://react.dev/link/react-devtools font-weight:bold @ http://localhost:5173/node_modules/.vite/deps/react-dom_client.js?v=e42ceb9e:14336
[  134049ms] [LOG] [impeccable] Live variant mode ready. Hover over elements to pick one. @ http://localhost:8400/live.js:8761
[  134347ms] [LOG] [impeccable] Live mode connected. @ http://localhost:8400/live.js:4625
[  134465ms] [LOG] [impeccable] SSE connection lost. Retry 1/20... @ http://localhost:8400/live.js:4695
[  134620ms] [INFO] %cDownload the React DevTools for a better development experience: https://react.dev/link/react-devtools font-weight:bold @ http://localhost:5173/node_modules/.vite/deps/react-dom_client.js?v=e42ceb9e:14336
[  134665ms] [LOG] [impeccable] Live variant mode ready. Hover over elements to pick one. @ http://localhost:8400/live.js:8761
[  134965ms] [LOG] [impeccable] Live mode connected. @ http://localhost:8400/live.js:4625
[  135059ms] [LOG] [impeccable] SSE connection lost. Retry 1/20... @ http://localhost:8400/live.js:4695
[  135216ms] [INFO] %cDownload the React DevTools for a better development experience: https://react.dev/link/react-devtools font-weight:bold @ http://localhost:5173/node_modules/.vite/deps/react-dom_client.js?v=e42ceb9e:14336
[  135264ms] [LOG] [impeccable] Live variant mode ready. Hover over elements to pick one. @ http://localhost:8400/live.js:8761
[  135554ms] [LOG] [impeccable] Live mode connected. @ http://localhost:8400/live.js:4625
[  135962ms] [LOG] [impeccable] SSE connection lost. Retry 1/20... @ http://localhost:8400/live.js:4695
[  136120ms] [INFO] %cDownload the React DevTools for a better development experience: https://react.dev/link/react-devtools font-weight:bold @ http://localhost:5173/node_modules/.vite/deps/react-dom_client.js?v=e42ceb9e:14336
[  136172ms] [LOG] [impeccable] Live variant mode ready. Hover over elements to pick one. @ http://localhost:8400/live.js:8761
[  136469ms] [LOG] [impeccable] Live mode connected. @ http://localhost:8400/live.js:4625
[  136866ms] [LOG] [impeccable] SSE connection lost. Retry 1/20... @ http://localhost:8400/live.js:4695
[  137023ms] [INFO] %cDownload the React DevTools for a better development experience: https://react.dev/link/react-devtools font-weight:bold @ http://localhost:5173/node_modules/.vite/deps/react-dom_client.js?v=e42ceb9e:14336
[  137073ms] [LOG] [impeccable] Live variant mode ready. Hover over elements to pick one. @ http://localhost:8400/live.js:8761
[  137371ms] [LOG] [impeccable] Live mode connected. @ http://localhost:8400/live.js:4625
[  137765ms] [LOG] [impeccable] SSE connection lost. Retry 1/20... @ http://localhost:8400/live.js:4695
[  137966ms] [INFO] %cDownload the React DevTools for a better development experience: https://react.dev/link/react-devtools font-weight:bold @ http://localhost:5173/node_modules/.vite/deps/react-dom_client.js?v=e42ceb9e:14336
[  138013ms] [LOG] [impeccable] Live variant mode ready. Hover over elements to pick one. @ http://localhost:8400/live.js:8761
[  138322ms] [LOG] [impeccable] Live mode connected. @ http://localhost:8400/live.js:4625
[  138372ms] [LOG] [impeccable] SSE connection lost. Retry 1/20... @ http://localhost:8400/live.js:4695
[  138510ms] [INFO] %cDownload the React DevTools for a better development experience: https://react.dev/link/react-devtools font-weight:bold @ http://localhost:5173/node_modules/.vite/deps/react-dom_client.js?v=e42ceb9e:14336
[  138557ms] [LOG] [impeccable] Live variant mode ready. Hover over elements to pick one. @ http://localhost:8400/live.js:8761
[  138867ms] [LOG] [impeccable] Live mode connected. @ http://localhost:8400/live.js:4625
[  138970ms] [LOG] [impeccable] SSE connection lost. Retry 1/20... @ http://localhost:8400/live.js:4695
[  139135ms] [INFO] %cDownload the React DevTools for a better development experience: https://react.dev/link/react-devtools font-weight:bold @ http://localhost:5173/node_modules/.vite/deps/react-dom_client.js?v=e42ceb9e:14336
[  139180ms] [LOG] [impeccable] Live variant mode ready. Hover over elements to pick one. @ http://localhost:8400/live.js:8761
[  139474ms] [LOG] [impeccable] Live mode connected. @ http://localhost:8400/live.js:4625
[  139878ms] [LOG] [impeccable] SSE connection lost. Retry 1/20... @ http://localhost:8400/live.js:4695
[  140026ms] [INFO] %cDownload the React DevTools for a better development experience: https://react.dev/link/react-devtools font-weight:bold @ http://localhost:5173/node_modules/.vite/deps/react-dom_client.js?v=e42ceb9e:14336
[  140073ms] [LOG] [impeccable] Live variant mode ready. Hover over elements to pick one. @ http://localhost:8400/live.js:8761
[  140369ms] [LOG] [impeccable] Live mode connected. @ http://localhost:8400/live.js:4625
[  140745ms] [LOG] [impeccable] SSE connection lost. Retry 1/20... @ http://localhost:8400/live.js:4695
[  140910ms] [INFO] %cDownload the React DevTools for a better development experience: https://react.dev/link/react-devtools font-weight:bold @ http://localhost:5173/node_modules/.vite/deps/react-dom_client.js?v=e42ceb9e:14336
[  140960ms] [LOG] [impeccable] Live variant mode ready. Hover over elements to pick one. @ http://localhost:8400/live.js:8761
[  141259ms] [LOG] [impeccable] Live mode connected. @ http://localhost:8400/live.js:4625
[  141327ms] [LOG] [impeccable] SSE connection lost. Retry 1/20... @ http://localhost:8400/live.js:4695
[  141444ms] [INFO] %cDownload the React DevTools for a better development experience: https://react.dev/link/react-devtools font-weight:bold @ http://localhost:5173/node_modules/.vite/deps/react-dom_client.js?v=e42ceb9e:14336
[  141489ms] [LOG] [impeccable] Live variant mode ready. Hover over elements to pick one. @ http://localhost:8400/live.js:8761
[  141787ms] [LOG] [impeccable] Live mode connected. @ http://localhost:8400/live.js:4625
[  141912ms] [LOG] [impeccable] SSE connection lost. Retry 1/20... @ http://localhost:8400/live.js:4695
[  142077ms] [INFO] %cDownload the React DevTools for a better development experience: https://react.dev/link/react-devtools font-weight:bold @ http://localhost:5173/node_modules/.vite/deps/react-dom_client.js?v=e42ceb9e:14336
[  142123ms] [LOG] [impeccable] Live variant mode ready. Hover over elements to pick one. @ http://localhost:8400/live.js:8761
[  142415ms] [LOG] [impeccable] Live mode connected. @ http://localhost:8400/live.js:4625
[  142543ms] [LOG] [impeccable] SSE connection lost. Retry 1/20... @ http://localhost:8400/live.js:4695
[  142710ms] [INFO] %cDownload the React DevTools for a better development experience: https://react.dev/link/react-devtools font-weight:bold @ http://localhost:5173/node_modules/.vite/deps/react-dom_client.js?v=e42ceb9e:14336
[  142760ms] [LOG] [impeccable] Live variant mode ready. Hover over elements to pick one. @ http://localhost:8400/live.js:8761
[  143058ms] [LOG] [impeccable] Live mode connected. @ http://localhost:8400/live.js:4625
[  143252ms] [LOG] [impeccable] SSE connection lost. Retry 1/20... @ http://localhost:8400/live.js:4695
[  143396ms] [INFO] %cDownload the React DevTools for a better development experience: https://react.dev/link/react-devtools font-weight:bold @ http://localhost:5173/node_modules/.vite/deps/react-dom_client.js?v=e42ceb9e:14336
[  143441ms] [LOG] [impeccable] Live variant mode ready. Hover over elements to pick one. @ http://localhost:8400/live.js:8761
[  143728ms] [LOG] [impeccable] Live mode connected. @ http://localhost:8400/live.js:4625
[  144112ms] [LOG] [impeccable] SSE connection lost. Retry 1/20... @ http://localhost:8400/live.js:4695
[  144267ms] [INFO] %cDownload the React DevTools for a better development experience: https://react.dev/link/react-devtools font-weight:bold @ http://localhost:5173/node_modules/.vite/deps/react-dom_client.js?v=e42ceb9e:14336
[  144314ms] [LOG] [impeccable] Live variant mode ready. Hover over elements to pick one. @ http://localhost:8400/live.js:8761
[  144612ms] [LOG] [impeccable] Live mode connected. @ http://localhost:8400/live.js:4625
[  145014ms] [LOG] [impeccable] SSE connection lost. Retry 1/20... @ http://localhost:8400/live.js:4695
[  145175ms] [INFO] %cDownload the React DevTools for a better development experience: https://react.dev/link/react-devtools font-weight:bold @ http://localhost:5173/node_modules/.vite/deps/react-dom_client.js?v=e42ceb9e:14336
[  145224ms] [LOG] [impeccable] Live variant mode ready. Hover over elements to pick one. @ http://localhost:8400/live.js:8761
[  145516ms] [LOG] [impeccable] Live mode connected. @ http://localhost:8400/live.js:4625
[  145911ms] [LOG] [impeccable] SSE connection lost. Retry 1/20... @ http://localhost:8400/live.js:4695
[  146000ms] [INFO] %cDownload the React DevTools for a better development experience: https://react.dev/link/react-devtools font-weight:bold @ http://localhost:5173/node_modules/.vite/deps/react-dom_client.js?v=e42ceb9e:14336
[  146044ms] [LOG] [impeccable] Live variant mode ready. Hover over elements to pick one. @ http://localhost:8400/live.js:8761
[  146320ms] [LOG] [impeccable] Live mode connected. @ http://localhost:8400/live.js:4625
[  146684ms] [LOG] [impeccable] SSE connection lost. Retry 1/20... @ http://localhost:8400/live.js:4695
[  146775ms] [INFO] %cDownload the React DevTools for a better development experience: https://react.dev/link/react-devtools font-weight:bold @ http://localhost:5173/node_modules/.vite/deps/react-dom_client.js?v=e42ceb9e:14336
[  146848ms] [LOG] [impeccable] Live variant mode ready. Hover over elements to pick one. @ http://localhost:8400/live.js:8761
[  147158ms] [LOG] [impeccable] Live mode connected. @ http://localhost:8400/live.js:4625
[  147536ms] [LOG] [impeccable] SSE connection lost. Retry 1/20... @ http://localhost:8400/live.js:4695
[  147619ms] [INFO] %cDownload the React DevTools for a better development experience: https://react.dev/link/react-devtools font-weight:bold @ http://localhost:5173/node_modules/.vite/deps/react-dom_client.js?v=e42ceb9e:14336
[  147664ms] [LOG] [impeccable] Live variant mode ready. Hover over elements to pick one. @ http://localhost:8400/live.js:8761
[  148021ms] [LOG] [impeccable] Live mode connected. @ http://localhost:8400/live.js:4625
[  148404ms] [LOG] [impeccable] SSE connection lost. Retry 1/20... @ http://localhost:8400/live.js:4695
[  148480ms] [INFO] %cDownload the React DevTools for a better development experience: https://react.dev/link/react-devtools font-weight:bold @ http://localhost:5173/node_modules/.vite/deps/react-dom_client.js?v=e42ceb9e:14336
[  148524ms] [LOG] [impeccable] Live variant mode ready. Hover over elements to pick one. @ http://localhost:8400/live.js:8761
[  148855ms] [LOG] [impeccable] Live mode connected. @ http://localhost:8400/live.js:4625
[  149225ms] [LOG] [impeccable] SSE connection lost. Retry 1/20... @ http://localhost:8400/live.js:4695
[  149297ms] [INFO] %cDownload the React DevTools for a better development experience: https://react.dev/link/react-devtools font-weight:bold @ http://localhost:5173/node_modules/.vite/deps/react-dom_client.js?v=e42ceb9e:14336
[  149339ms] [LOG] [impeccable] Live variant mode ready. Hover over elements to pick one. @ http://localhost:8400/live.js:8761
[  149626ms] [LOG] [impeccable] Live mode connected. @ http://localhost:8400/live.js:4625
[  149996ms] [LOG] [impeccable] SSE connection lost. Retry 1/20... @ http://localhost:8400/live.js:4695
[  150101ms] [INFO] %cDownload the React DevTools for a better development experience: https://react.dev/link/react-devtools font-weight:bold @ http://localhost:5173/node_modules/.vite/deps/react-dom_client.js?v=e42ceb9e:14336
[  150151ms] [LOG] [impeccable] Live variant mode ready. Hover over elements to pick one. @ http://localhost:8400/live.js:8761
[  150431ms] [LOG] [impeccable] Live mode connected. @ http://localhost:8400/live.js:4625
[  150836ms] [LOG] [impeccable] SSE connection lost. Retry 1/20... @ http://localhost:8400/live.js:4695
[  150970ms] [INFO] %cDownload the React DevTools for a better development experience: https://react.dev/link/react-devtools font-weight:bold @ http://localhost:5173/node_modules/.vite/deps/react-dom_client.js?v=e42ceb9e:14336
[  151023ms] [LOG] [impeccable] Live variant mode ready. Hover over elements to pick one. @ http://localhost:8400/live.js:8761
[  151309ms] [LOG] [impeccable] Live mode connected. @ http://localhost:8400/live.js:4625
[  151670ms] [LOG] [impeccable] SSE connection lost. Retry 1/20... @ http://localhost:8400/live.js:4695
[  151804ms] [INFO] %cDownload the React DevTools for a better development experience: https://react.dev/link/react-devtools font-weight:bold @ http://localhost:5173/node_modules/.vite/deps/react-dom_client.js?v=e42ceb9e:14336
[  151862ms] [LOG] [impeccable] Live variant mode ready. Hover over elements to pick one. @ http://localhost:8400/live.js:8761
[  152180ms] [LOG] [impeccable] Live mode connected. @ http://localhost:8400/live.js:4625
[  152546ms] [LOG] [impeccable] SSE connection lost. Retry 1/20... @ http://localhost:8400/live.js:4695
[  152624ms] [INFO] %cDownload the React DevTools for a better development experience: https://react.dev/link/react-devtools font-weight:bold @ http://localhost:5173/node_modules/.vite/deps/react-dom_client.js?v=e42ceb9e:14336
[  152669ms] [LOG] [impeccable] Live variant mode ready. Hover over elements to pick one. @ http://localhost:8400/live.js:8761
[  153021ms] [LOG] [impeccable] Live mode connected. @ http://localhost:8400/live.js:4625
[  153390ms] [LOG] [impeccable] SSE connection lost. Retry 1/20... @ http://localhost:8400/live.js:4695
[  153465ms] [INFO] %cDownload the React DevTools for a better development experience: https://react.dev/link/react-devtools font-weight:bold @ http://localhost:5173/node_modules/.vite/deps/react-dom_client.js?v=e42ceb9e:14336
[  153509ms] [LOG] [impeccable] Live variant mode ready. Hover over elements to pick one. @ http://localhost:8400/live.js:8761
[  153828ms] [LOG] [impeccable] Live mode connected. @ http://localhost:8400/live.js:4625
[  154196ms] [LOG] [impeccable] SSE connection lost. Retry 1/20... @ http://localhost:8400/live.js:4695
[  154272ms] [INFO] %cDownload the React DevTools for a better development experience: https://react.dev/link/react-devtools font-weight:bold @ http://localhost:5173/node_modules/.vite/deps/react-dom_client.js?v=e42ceb9e:14336
[  154315ms] [LOG] [impeccable] Live variant mode ready. Hover over elements to pick one. @ http://localhost:8400/live.js:8761
[  154613ms] [LOG] [impeccable] Live mode connected. @ http://localhost:8400/live.js:4625
[  154994ms] [LOG] [impeccable] SSE connection lost. Retry 1/20... @ http://localhost:8400/live.js:4695
[  155084ms] [INFO] %cDownload the React DevTools for a better development experience: https://react.dev/link/react-devtools font-weight:bold @ http://localhost:5173/node_modules/.vite/deps/react-dom_client.js?v=e42ceb9e:14336
[  155133ms] [LOG] [impeccable] Live variant mode ready. Hover over elements to pick one. @ http://localhost:8400/live.js:8761
[  155419ms] [LOG] [impeccable] Live mode connected. @ http://localhost:8400/live.js:4625
[  155863ms] [LOG] [impeccable] SSE connection lost. Retry 1/20... @ http://localhost:8400/live.js:4695
[  155995ms] [INFO] %cDownload the React DevTools for a better development experience: https://react.dev/link/react-devtools font-weight:bold @ http://localhost:5173/node_modules/.vite/deps/react-dom_client.js?v=e42ceb9e:14336
[  156044ms] [LOG] [impeccable] Live variant mode ready. Hover over elements to pick one. @ http://localhost:8400/live.js:8761
[  156329ms] [LOG] [impeccable] Live mode connected. @ http://localhost:8400/live.js:4625
[  156696ms] [LOG] [impeccable] SSE connection lost. Retry 1/20... @ http://localhost:8400/live.js:4695
[  156783ms] [INFO] %cDownload the React DevTools for a better development experience: https://react.dev/link/react-devtools font-weight:bold @ http://localhost:5173/node_modules/.vite/deps/react-dom_client.js?v=e42ceb9e:14336
[  156826ms] [LOG] [impeccable] Live variant mode ready. Hover over elements to pick one. @ http://localhost:8400/live.js:8761
[  157123ms] [LOG] [impeccable] Live mode connected. @ http://localhost:8400/live.js:4625
[  157163ms] [LOG] [impeccable] SSE connection lost. Retry 1/20... @ http://localhost:8400/live.js:4695
[  157219ms] [INFO] %cDownload the React DevTools for a better development experience: https://react.dev/link/react-devtools font-weight:bold @ http://localhost:5173/node_modules/.vite/deps/react-dom_client.js?v=e42ceb9e:14336
[  157262ms] [LOG] [impeccable] Live variant mode ready. Hover over elements to pick one. @ http://localhost:8400/live.js:8761
[  157552ms] [LOG] [impeccable] Live mode connected. @ http://localhost:8400/live.js:4625
[  157645ms] [LOG] [impeccable] SSE connection lost. Retry 1/20... @ http://localhost:8400/live.js:4695
[  157697ms] [INFO] %cDownload the React DevTools for a better development experience: https://react.dev/link/react-devtools font-weight:bold @ http://localhost:5173/node_modules/.vite/deps/react-dom_client.js?v=e42ceb9e:14336
[  157738ms] [LOG] [impeccable] Live variant mode ready. Hover over elements to pick one. @ http://localhost:8400/live.js:8761
[  157981ms] [LOG] [impeccable] Live mode connected. @ http://localhost:8400/live.js:4625
[  158024ms] [LOG] [impeccable] SSE connection lost. Retry 1/20... @ http://localhost:8400/live.js:4695
[  158066ms] [INFO] %cDownload the React DevTools for a better development experience: https://react.dev/link/react-devtools font-weight:bold @ http://localhost:5173/node_modules/.vite/deps/react-dom_client.js?v=e42ceb9e:14336
[  158094ms] [LOG] [impeccable] Live variant mode ready. Hover over elements to pick one. @ http://localhost:8400/live.js:8761
[  158340ms] [LOG] [impeccable] Live mode connected. @ http://localhost:8400/live.js:4625
[  158539ms] [LOG] [impeccable] SSE connection lost. Retry 1/20... @ http://localhost:8400/live.js:4695
[  158606ms] [INFO] %cDownload the React DevTools for a better development experience: https://react.dev/link/react-devtools font-weight:bold @ http://localhost:5173/node_modules/.vite/deps/react-dom_client.js?v=e42ceb9e:14336
[  158648ms] [LOG] [impeccable] Live variant mode ready. Hover over elements to pick one. @ http://localhost:8400/live.js:8761
[  158991ms] [LOG] [impeccable] Live mode connected. @ http://localhost:8400/live.js:4625
[  159355ms] [LOG] [impeccable] SSE connection lost. Retry 1/20... @ http://localhost:8400/live.js:4695
[  159433ms] [INFO] %cDownload the React DevTools for a better development experience: https://react.dev/link/react-devtools font-weight:bold @ http://localhost:5173/node_modules/.vite/deps/react-dom_client.js?v=e42ceb9e:14336
[  159477ms] [LOG] [impeccable] Live variant mode ready. Hover over elements to pick one. @ http://localhost:8400/live.js:8761
[  159766ms] [LOG] [impeccable] Live mode connected. @ http://localhost:8400/live.js:4625
[  160140ms] [LOG] [impeccable] SSE connection lost. Retry 1/20... @ http://localhost:8400/live.js:4695
[  160228ms] [INFO] %cDownload the React DevTools for a better development experience: https://react.dev/link/react-devtools font-weight:bold @ http://localhost:5173/node_modules/.vite/deps/react-dom_client.js?v=e42ceb9e:14336
[  160276ms] [LOG] [impeccable] Live variant mode ready. Hover over elements to pick one. @ http://localhost:8400/live.js:8761
[  160557ms] [LOG] [impeccable] Live mode connected. @ http://localhost:8400/live.js:4625
[  161012ms] [LOG] [impeccable] SSE connection lost. Retry 1/20... @ http://localhost:8400/live.js:4695
[  161221ms] [INFO] %cDownload the React DevTools for a better development experience: https://react.dev/link/react-devtools font-weight:bold @ http://localhost:5173/node_modules/.vite/deps/react-dom_client.js?v=e42ceb9e:14336
[  161271ms] [LOG] [impeccable] Live variant mode ready. Hover over elements to pick one. @ http://localhost:8400/live.js:8761
[  161593ms] [LOG] [impeccable] Live mode connected. @ http://localhost:8400/live.js:4625
[  161960ms] [LOG] [impeccable] SSE connection lost. Retry 1/20... @ http://localhost:8400/live.js:4695
[  162052ms] [INFO] %cDownload the React DevTools for a better development experience: https://react.dev/link/react-devtools font-weight:bold @ http://localhost:5173/node_modules/.vite/deps/react-dom_client.js?v=e42ceb9e:14336
[  162101ms] [LOG] [impeccable] Live variant mode ready. Hover over elements to pick one. @ http://localhost:8400/live.js:8761
[  162420ms] [LOG] [impeccable] Live mode connected. @ http://localhost:8400/live.js:4625
[  162448ms] [LOG] [impeccable] SSE connection lost. Retry 1/20... @ http://localhost:8400/live.js:4695
[  162514ms] [INFO] %cDownload the React DevTools for a better development experience: https://react.dev/link/react-devtools font-weight:bold @ http://localhost:5173/node_modules/.vite/deps/react-dom_client.js?v=e42ceb9e:14336
[  162556ms] [LOG] [impeccable] Live variant mode ready. Hover over elements to pick one. @ http://localhost:8400/live.js:8761
[  162871ms] [LOG] [impeccable] Live mode connected. @ http://localhost:8400/live.js:4625
[  163025ms] [LOG] [impeccable] SSE connection lost. Retry 1/20... @ http://localhost:8400/live.js:4695
[  163127ms] [INFO] %cDownload the React DevTools for a better development experience: https://react.dev/link/react-devtools font-weight:bold @ http://localhost:5173/node_modules/.vite/deps/react-dom_client.js?v=e42ceb9e:14336
[  163173ms] [LOG] [impeccable] Live variant mode ready. Hover over elements to pick one. @ http://localhost:8400/live.js:8761
[  163453ms] [LOG] [impeccable] Live mode connected. @ http://localhost:8400/live.js:4625
[  163508ms] [LOG] [impeccable] SSE connection lost. Retry 1/20... @ http://localhost:8400/live.js:4695
[  163577ms] [INFO] %cDownload the React DevTools for a better development experience: https://react.dev/link/react-devtools font-weight:bold @ http://localhost:5173/node_modules/.vite/deps/react-dom_client.js?v=e42ceb9e:14336
[  163621ms] [LOG] [impeccable] Live variant mode ready. Hover over elements to pick one. @ http://localhost:8400/live.js:8761
[  163942ms] [LOG] [impeccable] Live mode connected. @ http://localhost:8400/live.js:4625
[  164304ms] [LOG] [impeccable] SSE connection lost. Retry 1/20... @ http://localhost:8400/live.js:4695
[  164379ms] [INFO] %cDownload the React DevTools for a better development experience: https://react.dev/link/react-devtools font-weight:bold @ http://localhost:5173/node_modules/.vite/deps/react-dom_client.js?v=e42ceb9e:14336
[  164424ms] [LOG] [impeccable] Live variant mode ready. Hover over elements to pick one. @ http://localhost:8400/live.js:8761
[  164722ms] [LOG] [impeccable] Live mode connected. @ http://localhost:8400/live.js:4625
[  165097ms] [LOG] [impeccable] SSE connection lost. Retry 1/20... @ http://localhost:8400/live.js:4695
[  165175ms] [INFO] %cDownload the React DevTools for a better development experience: https://react.dev/link/react-devtools font-weight:bold @ http://localhost:5173/node_modules/.vite/deps/react-dom_client.js?v=e42ceb9e:14336
[  165221ms] [LOG] [impeccable] Live variant mode ready. Hover over elements to pick one. @ http://localhost:8400/live.js:8761
[  165516ms] [LOG] [impeccable] Live mode connected. @ http://localhost:8400/live.js:4625
[  165934ms] [LOG] [impeccable] SSE connection lost. Retry 1/20... @ http://localhost:8400/live.js:4695
[  166053ms] [INFO] %cDownload the React DevTools for a better development experience: https://react.dev/link/react-devtools font-weight:bold @ http://localhost:5173/node_modules/.vite/deps/react-dom_client.js?v=e42ceb9e:14336
[  166104ms] [LOG] [impeccable] Live variant mode ready. Hover over elements to pick one. @ http://localhost:8400/live.js:8761
[  166385ms] [LOG] [impeccable] Live mode connected. @ http://localhost:8400/live.js:4625
[  166766ms] [LOG] [impeccable] SSE connection lost. Retry 1/20... @ http://localhost:8400/live.js:4695
[  166846ms] [INFO] %cDownload the React DevTools for a better development experience: https://react.dev/link/react-devtools font-weight:bold @ http://localhost:5173/node_modules/.vite/deps/react-dom_client.js?v=e42ceb9e:14336
[  166889ms] [LOG] [impeccable] Live variant mode ready. Hover over elements to pick one. @ http://localhost:8400/live.js:8761
[  167164ms] [LOG] [impeccable] Live mode connected. @ http://localhost:8400/live.js:4625
[  167527ms] [LOG] [impeccable] SSE connection lost. Retry 1/20... @ http://localhost:8400/live.js:4695
[  167597ms] [INFO] %cDownload the React DevTools for a better development experience: https://react.dev/link/react-devtools font-weight:bold @ http://localhost:5173/node_modules/.vite/deps/react-dom_client.js?v=e42ceb9e:14336
[  167646ms] [LOG] [impeccable] Live variant mode ready. Hover over elements to pick one. @ http://localhost:8400/live.js:8761
[  167996ms] [LOG] [impeccable] Live mode connected. @ http://localhost:8400/live.js:4625
[  168363ms] [LOG] [impeccable] SSE connection lost. Retry 1/20... @ http://localhost:8400/live.js:4695
[  168442ms] [INFO] %cDownload the React DevTools for a better development experience: https://react.dev/link/react-devtools font-weight:bold @ http://localhost:5173/node_modules/.vite/deps/react-dom_client.js?v=e42ceb9e:14336
[  168486ms] [LOG] [impeccable] Live variant mode ready. Hover over elements to pick one. @ http://localhost:8400/live.js:8761
[  168781ms] [LOG] [impeccable] Live mode connected. @ http://localhost:8400/live.js:4625
[  169160ms] [LOG] [impeccable] SSE connection lost. Retry 1/20... @ http://localhost:8400/live.js:4695
[  169251ms] [INFO] %cDownload the React DevTools for a better development experience: https://react.dev/link/react-devtools font-weight:bold @ http://localhost:5173/node_modules/.vite/deps/react-dom_client.js?v=e42ceb9e:14336
[  169297ms] [LOG] [impeccable] Live variant mode ready. Hover over elements to pick one. @ http://localhost:8400/live.js:8761
[  169578ms] [LOG] [impeccable] Live mode connected. @ http://localhost:8400/live.js:4625
[  169986ms] [LOG] [impeccable] SSE connection lost. Retry 1/20... @ http://localhost:8400/live.js:4695
[  170120ms] [INFO] %cDownload the React DevTools for a better development experience: https://react.dev/link/react-devtools font-weight:bold @ http://localhost:5173/node_modules/.vite/deps/react-dom_client.js?v=e42ceb9e:14336
[  170172ms] [LOG] [impeccable] Live variant mode ready. Hover over elements to pick one. @ http://localhost:8400/live.js:8761
[  170476ms] [LOG] [impeccable] Live mode connected. @ http://localhost:8400/live.js:4625
[  170837ms] [LOG] [impeccable] SSE connection lost. Retry 1/20... @ http://localhost:8400/live.js:4695
[  170922ms] [INFO] %cDownload the React DevTools for a better development experience: https://react.dev/link/react-devtools font-weight:bold @ http://localhost:5173/node_modules/.vite/deps/react-dom_client.js?v=e42ceb9e:14336
[  170972ms] [LOG] [impeccable] Live variant mode ready. Hover over elements to pick one. @ http://localhost:8400/live.js:8761
[  171276ms] [LOG] [impeccable] Live mode connected. @ http://localhost:8400/live.js:4625
[  171320ms] [LOG] [impeccable] SSE connection lost. Retry 1/20... @ http://localhost:8400/live.js:4695
[  171388ms] [INFO] %cDownload the React DevTools for a better development experience: https://react.dev/link/react-devtools font-weight:bold @ http://localhost:5173/node_modules/.vite/deps/react-dom_client.js?v=e42ceb9e:14336
[  171430ms] [LOG] [impeccable] Live variant mode ready. Hover over elements to pick one. @ http://localhost:8400/live.js:8761
[  171705ms] [LOG] [impeccable] Live mode connected. @ http://localhost:8400/live.js:4625
[  171919ms] [LOG] [impeccable] SSE connection lost. Retry 1/20... @ http://localhost:8400/live.js:4695
[  172027ms] [INFO] %cDownload the React DevTools for a better development experience: https://react.dev/link/react-devtools font-weight:bold @ http://localhost:5173/node_modules/.vite/deps/react-dom_client.js?v=e42ceb9e:14336
[  172072ms] [LOG] [impeccable] Live variant mode ready. Hover over elements to pick one. @ http://localhost:8400/live.js:8761
[  172353ms] [LOG] [impeccable] Live mode connected. @ http://localhost:8400/live.js:4625
[  172407ms] [LOG] [impeccable] SSE connection lost. Retry 1/20... @ http://localhost:8400/live.js:4695
[  172480ms] [INFO] %cDownload the React DevTools for a better development experience: https://react.dev/link/react-devtools font-weight:bold @ http://localhost:5173/node_modules/.vite/deps/react-dom_client.js?v=e42ceb9e:14336
[  172524ms] [LOG] [impeccable] Live variant mode ready. Hover over elements to pick one. @ http://localhost:8400/live.js:8761
[  172870ms] [LOG] [impeccable] Live mode connected. @ http://localhost:8400/live.js:4625
[  173236ms] [LOG] [impeccable] SSE connection lost. Retry 1/20... @ http://localhost:8400/live.js:4695
[  173312ms] [INFO] %cDownload the React DevTools for a better development experience: https://react.dev/link/react-devtools font-weight:bold @ http://localhost:5173/node_modules/.vite/deps/react-dom_client.js?v=e42ceb9e:14336
[  173355ms] [LOG] [impeccable] Live variant mode ready. Hover over elements to pick one. @ http://localhost:8400/live.js:8761
[  173653ms] [LOG] [impeccable] Live mode connected. @ http://localhost:8400/live.js:4625
[  174030ms] [LOG] [impeccable] SSE connection lost. Retry 1/20... @ http://localhost:8400/live.js:4695
[  174107ms] [INFO] %cDownload the React DevTools for a better development experience: https://react.dev/link/react-devtools font-weight:bold @ http://localhost:5173/node_modules/.vite/deps/react-dom_client.js?v=e42ceb9e:14336
[  174153ms] [LOG] [impeccable] Live variant mode ready. Hover over elements to pick one. @ http://localhost:8400/live.js:8761
[  174443ms] [LOG] [impeccable] Live mode connected. @ http://localhost:8400/live.js:4625
[  174893ms] [LOG] [impeccable] SSE connection lost. Retry 1/20... @ http://localhost:8400/live.js:4695
[  175016ms] [INFO] %cDownload the React DevTools for a better development experience: https://react.dev/link/react-devtools font-weight:bold @ http://localhost:5173/node_modules/.vite/deps/react-dom_client.js?v=e42ceb9e:14336
[  175062ms] [LOG] [impeccable] Live variant mode ready. Hover over elements to pick one. @ http://localhost:8400/live.js:8761
[  175350ms] [LOG] [impeccable] Live mode connected. @ http://localhost:8400/live.js:4625
[  175704ms] [LOG] [impeccable] SSE connection lost. Retry 1/20... @ http://localhost:8400/live.js:4695
[  175795ms] [INFO] %cDownload the React DevTools for a better development experience: https://react.dev/link/react-devtools font-weight:bold @ http://localhost:5173/node_modules/.vite/deps/react-dom_client.js?v=e42ceb9e:14336
[  175837ms] [LOG] [impeccable] Live variant mode ready. Hover over elements to pick one. @ http://localhost:8400/live.js:8761
[  176106ms] [LOG] [impeccable] Live mode connected. @ http://localhost:8400/live.js:4625
[  176462ms] [LOG] [impeccable] SSE connection lost. Retry 1/20... @ http://localhost:8400/live.js:4695
[  176537ms] [INFO] %cDownload the React DevTools for a better development experience: https://react.dev/link/react-devtools font-weight:bold @ http://localhost:5173/node_modules/.vite/deps/react-dom_client.js?v=e42ceb9e:14336
[  176582ms] [LOG] [impeccable] Live variant mode ready. Hover over elements to pick one. @ http://localhost:8400/live.js:8761
[  176892ms] [LOG] [impeccable] Live mode connected. @ http://localhost:8400/live.js:4625
[  177251ms] [LOG] [impeccable] SSE connection lost. Retry 1/20... @ http://localhost:8400/live.js:4695
[  177321ms] [INFO] %cDownload the React DevTools for a better development experience: https://react.dev/link/react-devtools font-weight:bold @ http://localhost:5173/node_modules/.vite/deps/react-dom_client.js?v=e42ceb9e:14336
[  177368ms] [LOG] [impeccable] Live variant mode ready. Hover over elements to pick one. @ http://localhost:8400/live.js:8761
[  177657ms] [LOG] [impeccable] Live mode connected. @ http://localhost:8400/live.js:4625
[  178039ms] [LOG] [impeccable] SSE connection lost. Retry 1/20... @ http://localhost:8400/live.js:4695
[  178124ms] [INFO] %cDownload the React DevTools for a better development experience: https://react.dev/link/react-devtools font-weight:bold @ http://localhost:5173/node_modules/.vite/deps/react-dom_client.js?v=e42ceb9e:14336
[  178172ms] [LOG] [impeccable] Live variant mode ready. Hover over elements to pick one. @ http://localhost:8400/live.js:8761
[  178465ms] [LOG] [impeccable] Live mode connected. @ http://localhost:8400/live.js:4625
[  178850ms] [LOG] [impeccable] SSE connection lost. Retry 1/20... @ http://localhost:8400/live.js:4695
[  178989ms] [INFO] %cDownload the React DevTools for a better development experience: https://react.dev/link/react-devtools font-weight:bold @ http://localhost:5173/node_modules/.vite/deps/react-dom_client.js?v=e42ceb9e:14336
[  179039ms] [LOG] [impeccable] Live variant mode ready. Hover over elements to pick one. @ http://localhost:8400/live.js:8761
[  179326ms] [LOG] [impeccable] Live mode connected. @ http://localhost:8400/live.js:4625
[  179691ms] [LOG] [impeccable] SSE connection lost. Retry 1/20... @ http://localhost:8400/live.js:4695
[  179810ms] [INFO] %cDownload the React DevTools for a better development experience: https://react.dev/link/react-devtools font-weight:bold @ http://localhost:5173/node_modules/.vite/deps/react-dom_client.js?v=e42ceb9e:14336
[  179869ms] [LOG] [impeccable] Live variant mode ready. Hover over elements to pick one. @ http://localhost:8400/live.js:8761
[  180180ms] [LOG] [impeccable] Live mode connected. @ http://localhost:8400/live.js:4625
[  180540ms] [LOG] [impeccable] SSE connection lost. Retry 1/20... @ http://localhost:8400/live.js:4695
[  180640ms] [INFO] %cDownload the React DevTools for a better development experience: https://react.dev/link/react-devtools font-weight:bold @ http://localhost:5173/node_modules/.vite/deps/react-dom_client.js?v=e42ceb9e:14336
[  180684ms] [LOG] [impeccable] Live variant mode ready. Hover over elements to pick one. @ http://localhost:8400/live.js:8761
[  181044ms] [LOG] [impeccable] Live mode connected. @ http://localhost:8400/live.js:4625
[  181089ms] [LOG] [impeccable] SSE connection lost. Retry 1/20... @ http://localhost:8400/live.js:4695
[  181156ms] [INFO] %cDownload the React DevTools for a better development experience: https://react.dev/link/react-devtools font-weight:bold @ http://localhost:5173/node_modules/.vite/deps/react-dom_client.js?v=e42ceb9e:14336
[  181200ms] [LOG] [impeccable] Live variant mode ready. Hover over elements to pick one. @ http://localhost:8400/live.js:8761
[  181483ms] [LOG] [impeccable] Live mode connected. @ http://localhost:8400/live.js:4625
[  181556ms] [LOG] [impeccable] SSE connection lost. Retry 1/20... @ http://localhost:8400/live.js:4695
[  181624ms] [INFO] %cDownload the React DevTools for a better development experience: https://react.dev/link/react-devtools font-weight:bold @ http://localhost:5173/node_modules/.vite/deps/react-dom_client.js?v=e42ceb9e:14336
[  181669ms] [LOG] [impeccable] Live variant mode ready. Hover over elements to pick one. @ http://localhost:8400/live.js:8761
[  182010ms] [LOG] [impeccable] SSE connection lost. Retry 1/20... @ http://localhost:8400/live.js:4695
[  182010ms] [WARNING] [impeccable] failed to fetch pending count: TypeError: Failed to fetch @ http://localhost:8400/live.js:3549
[  182089ms] [INFO] %cDownload the React DevTools for a better development experience: https://react.dev/link/react-devtools font-weight:bold @ http://localhost:5173/node_modules/.vite/deps/react-dom_client.js?v=e42ceb9e:14336
[  182131ms] [LOG] [impeccable] Live variant mode ready. Hover over elements to pick one. @ http://localhost:8400/live.js:8761
[  182422ms] [LOG] [impeccable] Live mode connected. @ http://localhost:8400/live.js:4625
[  182804ms] [LOG] [impeccable] SSE connection lost. Retry 1/20... @ http://localhost:8400/live.js:4695
[  182908ms] [INFO] %cDownload the React DevTools for a better development experience: https://react.dev/link/react-devtools font-weight:bold @ http://localhost:5173/node_modules/.vite/deps/react-dom_client.js?v=e42ceb9e:14336
[  182937ms] [LOG] [impeccable] Live variant mode ready. Hover over elements to pick one. @ http://localhost:8400/live.js:8761
[  183083ms] [LOG] [impeccable] Live mode connected. @ http://localhost:8400/live.js:4625
[  183106ms] [LOG] [impeccable] SSE connection lost. Retry 1/20... @ http://localhost:8400/live.js:4695
[  183153ms] [INFO] %cDownload the React DevTools for a better development experience: https://react.dev/link/react-devtools font-weight:bold @ http://localhost:5173/node_modules/.vite/deps/react-dom_client.js?v=e42ceb9e:14336
[  183177ms] [LOG] [impeccable] Live variant mode ready. Hover over elements to pick one. @ http://localhost:8400/live.js:8761
[  183400ms] [LOG] [impeccable] Live mode connected. @ http://localhost:8400/live.js:4625
[  183513ms] [LOG] [impeccable] SSE connection lost. Retry 1/20... @ http://localhost:8400/live.js:4695
[  183560ms] [INFO] %cDownload the React DevTools for a better development experience: https://react.dev/link/react-devtools font-weight:bold @ http://localhost:5173/node_modules/.vite/deps/react-dom_client.js?v=e42ceb9e:14336
[  183584ms] [LOG] [impeccable] Live variant mode ready. Hover over elements to pick one. @ http://localhost:8400/live.js:8761
[  183730ms] [LOG] [impeccable] Live mode connected. @ http://localhost:8400/live.js:4625
[  183793ms] [LOG] [impeccable] SSE connection lost. Retry 1/20... @ http://localhost:8400/live.js:4695
[  183830ms] [INFO] %cDownload the React DevTools for a better development experience: https://react.dev/link/react-devtools font-weight:bold @ http://localhost:5173/node_modules/.vite/deps/react-dom_client.js?v=e42ceb9e:14336
[  183851ms] [LOG] [impeccable] Live variant mode ready. Hover over elements to pick one. @ http://localhost:8400/live.js:8761
[  183979ms] [LOG] [impeccable] Live mode connected. @ http://localhost:8400/live.js:4625
[  184021ms] [LOG] [impeccable] SSE connection lost. Retry 1/20... @ http://localhost:8400/live.js:4695
[  184068ms] [INFO] %cDownload the React DevTools for a better development experience: https://react.dev/link/react-devtools font-weight:bold @ http://localhost:5173/node_modules/.vite/deps/react-dom_client.js?v=e42ceb9e:14336
[  184088ms] [LOG] [impeccable] Live variant mode ready. Hover over elements to pick one. @ http://localhost:8400/live.js:8761
[  184207ms] [LOG] [impeccable] Live mode connected. @ http://localhost:8400/live.js:4625
[  184424ms] [LOG] [impeccable] SSE connection lost. Retry 1/20... @ http://localhost:8400/live.js:4695
[  184465ms] [INFO] %cDownload the React DevTools for a better development experience: https://react.dev/link/react-devtools font-weight:bold @ http://localhost:5173/node_modules/.vite/deps/react-dom_client.js?v=e42ceb9e:14336
[  184483ms] [LOG] [impeccable] Live variant mode ready. Hover over elements to pick one. @ http://localhost:8400/live.js:8761
[  184609ms] [LOG] [impeccable] Live mode connected. @ http://localhost:8400/live.js:4625
[  184829ms] [LOG] [impeccable] SSE connection lost. Retry 1/20... @ http://localhost:8400/live.js:4695
[  184872ms] [INFO] %cDownload the React DevTools for a better development experience: https://react.dev/link/react-devtools font-weight:bold @ http://localhost:5173/node_modules/.vite/deps/react-dom_client.js?v=e42ceb9e:14336
[  184892ms] [LOG] [impeccable] Live variant mode ready. Hover over elements to pick one. @ http://localhost:8400/live.js:8761
[  185017ms] [LOG] [impeccable] Live mode connected. @ http://localhost:8400/live.js:4625
[  185065ms] [LOG] [impeccable] SSE connection lost. Retry 1/20... @ http://localhost:8400/live.js:4695
[  185103ms] [INFO] %cDownload the React DevTools for a better development experience: https://react.dev/link/react-devtools font-weight:bold @ http://localhost:5173/node_modules/.vite/deps/react-dom_client.js?v=e42ceb9e:14336
[  185122ms] [LOG] [impeccable] Live variant mode ready. Hover over elements to pick one. @ http://localhost:8400/live.js:8761
[  185242ms] [LOG] [impeccable] Live mode connected. @ http://localhost:8400/live.js:4625
[  185438ms] [LOG] [impeccable] SSE connection lost. Retry 1/20... @ http://localhost:8400/live.js:4695
[  185488ms] [INFO] %cDownload the React DevTools for a better development experience: https://react.dev/link/react-devtools font-weight:bold @ http://localhost:5173/node_modules/.vite/deps/react-dom_client.js?v=e42ceb9e:14336
[  185506ms] [LOG] [impeccable] Live variant mode ready. Hover over elements to pick one. @ http://localhost:8400/live.js:8761
[  185581ms] [LOG] [impeccable] SSE connection lost. Retry 1/20... @ http://localhost:8400/live.js:4695
[  185582ms] [WARNING] [impeccable] failed to fetch pending count: TypeError: Failed to fetch @ http://localhost:8400/live.js:3549
[  185761ms] [INFO] %cDownload the React DevTools for a better development experience: https://react.dev/link/react-devtools font-weight:bold @ http://localhost:5173/node_modules/.vite/deps/react-dom_client.js?v=e42ceb9e:14336
[  185781ms] [LOG] [impeccable] Live variant mode ready. Hover over elements to pick one. @ http://localhost:8400/live.js:8761
[  185906ms] [LOG] [impeccable] Live mode connected. @ http://localhost:8400/live.js:4625
[  185939ms] [LOG] [impeccable] SSE connection lost. Retry 1/20... @ http://localhost:8400/live.js:4695
[  185965ms] [INFO] %cDownload the React DevTools for a better development experience: https://react.dev/link/react-devtools font-weight:bold @ http://localhost:5173/node_modules/.vite/deps/react-dom_client.js?v=e42ceb9e:14336
[  185983ms] [LOG] [impeccable] Live variant mode ready. Hover over elements to pick one. @ http://localhost:8400/live.js:8761
[  186092ms] [LOG] [impeccable] Live mode connected. @ http://localhost:8400/live.js:4625
[  186107ms] [LOG] [impeccable] SSE connection lost. Retry 1/20... @ http://localhost:8400/live.js:4695
[  186134ms] [INFO] %cDownload the React DevTools for a better development experience: https://react.dev/link/react-devtools font-weight:bold @ http://localhost:5173/node_modules/.vite/deps/react-dom_client.js?v=e42ceb9e:14336
[  186154ms] [LOG] [impeccable] Live variant mode ready. Hover over elements to pick one. @ http://localhost:8400/live.js:8761
[  186275ms] [LOG] [impeccable] Live mode connected. @ http://localhost:8400/live.js:4625
[  186298ms] [LOG] [impeccable] SSE connection lost. Retry 1/20... @ http://localhost:8400/live.js:4695
[  186346ms] [INFO] %cDownload the React DevTools for a better development experience: https://react.dev/link/react-devtools font-weight:bold @ http://localhost:5173/node_modules/.vite/deps/react-dom_client.js?v=e42ceb9e:14336
[  186365ms] [LOG] [impeccable] Live variant mode ready. Hover over elements to pick one. @ http://localhost:8400/live.js:8761
[  186478ms] [LOG] [impeccable] Live mode connected. @ http://localhost:8400/live.js:4625
[  186495ms] [LOG] [impeccable] SSE connection lost. Retry 1/20... @ http://localhost:8400/live.js:4695
[  186544ms] [INFO] %cDownload the React DevTools for a better development experience: https://react.dev/link/react-devtools font-weight:bold @ http://localhost:5173/node_modules/.vite/deps/react-dom_client.js?v=e42ceb9e:14336
[  186563ms] [LOG] [impeccable] Live variant mode ready. Hover over elements to pick one. @ http://localhost:8400/live.js:8761
[  186672ms] [LOG] [impeccable] Live mode connected. @ http://localhost:8400/live.js:4625
[  186717ms] [LOG] [impeccable] SSE connection lost. Retry 1/20... @ http://localhost:8400/live.js:4695
[  186759ms] [INFO] %cDownload the React DevTools for a better development experience: https://react.dev/link/react-devtools font-weight:bold @ http://localhost:5173/node_modules/.vite/deps/react-dom_client.js?v=e42ceb9e:14336
[  186780ms] [LOG] [impeccable] Live variant mode ready. Hover over elements to pick one. @ http://localhost:8400/live.js:8761
[  186912ms] [LOG] [impeccable] Live mode connected. @ http://localhost:8400/live.js:4625
[  186956ms] [LOG] [impeccable] SSE connection lost. Retry 1/20... @ http://localhost:8400/live.js:4695
[  187000ms] [INFO] %cDownload the React DevTools for a better development experience: https://react.dev/link/react-devtools font-weight:bold @ http://localhost:5173/node_modules/.vite/deps/react-dom_client.js?v=e42ceb9e:14336
[  187018ms] [LOG] [impeccable] Live variant mode ready. Hover over elements to pick one. @ http://localhost:8400/live.js:8761
[  187131ms] [LOG] [impeccable] Live mode connected. @ http://localhost:8400/live.js:4625
[  187176ms] [LOG] [impeccable] SSE connection lost. Retry 1/20... @ http://localhost:8400/live.js:4695
[  187223ms] [INFO] %cDownload the React DevTools for a better development experience: https://react.dev/link/react-devtools font-weight:bold @ http://localhost:5173/node_modules/.vite/deps/react-dom_client.js?v=e42ceb9e:14336
[  187242ms] [LOG] [impeccable] Live variant mode ready. Hover over elements to pick one. @ http://localhost:8400/live.js:8761
[  187356ms] [LOG] [impeccable] Live mode connected. @ http://localhost:8400/live.js:4625
[  187472ms] [LOG] [impeccable] SSE connection lost. Retry 1/20... @ http://localhost:8400/live.js:4695
[  187510ms] [INFO] %cDownload the React DevTools for a better development experience: https://react.dev/link/react-devtools font-weight:bold @ http://localhost:5173/node_modules/.vite/deps/react-dom_client.js?v=e42ceb9e:14336
[  187529ms] [LOG] [impeccable] Live variant mode ready. Hover over elements to pick one. @ http://localhost:8400/live.js:8761
[  187662ms] [LOG] [impeccable] Live mode connected. @ http://localhost:8400/live.js:4625
[  187871ms] [LOG] [impeccable] SSE connection lost. Retry 1/20... @ http://localhost:8400/live.js:4695
[  187913ms] [INFO] %cDownload the React DevTools for a better development experience: https://react.dev/link/react-devtools font-weight:bold @ http://localhost:5173/node_modules/.vite/deps/react-dom_client.js?v=e42ceb9e:14336
[  187935ms] [LOG] [impeccable] Live variant mode ready. Hover over elements to pick one. @ http://localhost:8400/live.js:8761
[  188062ms] [LOG] [impeccable] Live mode connected. @ http://localhost:8400/live.js:4625
[  188107ms] [LOG] [impeccable] SSE connection lost. Retry 1/20... @ http://localhost:8400/live.js:4695
[  188156ms] [INFO] %cDownload the React DevTools for a better development experience: https://react.dev/link/react-devtools font-weight:bold @ http://localhost:5173/node_modules/.vite/deps/react-dom_client.js?v=e42ceb9e:14336
[  188174ms] [LOG] [impeccable] Live variant mode ready. Hover over elements to pick one. @ http://localhost:8400/live.js:8761
[  188290ms] [LOG] [impeccable] Live mode connected. @ http://localhost:8400/live.js:4625
[  188336ms] [LOG] [impeccable] SSE connection lost. Retry 1/20... @ http://localhost:8400/live.js:4695
[  188385ms] [INFO] %cDownload the React DevTools for a better development experience: https://react.dev/link/react-devtools font-weight:bold @ http://localhost:5173/node_modules/.vite/deps/react-dom_client.js?v=e42ceb9e:14336
[  188405ms] [LOG] [impeccable] Live variant mode ready. Hover over elements to pick one. @ http://localhost:8400/live.js:8761
[  188512ms] [LOG] [impeccable] SSE connection lost. Retry 1/20... @ http://localhost:8400/live.js:4695
[  188512ms] [WARNING] [impeccable] failed to fetch pending count: TypeError: Failed to fetch @ http://localhost:8400/live.js:3549
[  188545ms] [INFO] %cDownload the React DevTools for a better development experience: https://react.dev/link/react-devtools font-weight:bold @ http://localhost:5173/node_modules/.vite/deps/react-dom_client.js?v=e42ceb9e:14336
[  188562ms] [LOG] [impeccable] Live variant mode ready. Hover over elements to pick one. @ http://localhost:8400/live.js:8761
[  188873ms] [LOG] [impeccable] Live mode connected. @ http://localhost:8400/live.js:4625
[  188967ms] [LOG] [impeccable] SSE connection lost. Retry 1/20... @ http://localhost:8400/live.js:4695
[  189015ms] [INFO] %cDownload the React DevTools for a better development experience: https://react.dev/link/react-devtools font-weight:bold @ http://localhost:5173/node_modules/.vite/deps/react-dom_client.js?v=e42ceb9e:14336
[  189033ms] [LOG] [impeccable] Live variant mode ready. Hover over elements to pick one. @ http://localhost:8400/live.js:8761
[  189164ms] [LOG] [impeccable] Live mode connected. @ http://localhost:8400/live.js:4625
[  189211ms] [LOG] [impeccable] SSE connection lost. Retry 1/20... @ http://localhost:8400/live.js:4695
[  189253ms] [INFO] %cDownload the React DevTools for a better development experience: https://react.dev/link/react-devtools font-weight:bold @ http://localhost:5173/node_modules/.vite/deps/react-dom_client.js?v=e42ceb9e:14336
[  189273ms] [LOG] [impeccable] Live variant mode ready. Hover over elements to pick one. @ http://localhost:8400/live.js:8761
[  189390ms] [LOG] [impeccable] Live mode connected. @ http://localhost:8400/live.js:4625
[  189433ms] [LOG] [impeccable] SSE connection lost. Retry 1/20... @ http://localhost:8400/live.js:4695
[  189477ms] [INFO] %cDownload the React DevTools for a better development experience: https://react.dev/link/react-devtools font-weight:bold @ http://localhost:5173/node_modules/.vite/deps/react-dom_client.js?v=e42ceb9e:14336
[  189496ms] [LOG] [impeccable] Live variant mode ready. Hover over elements to pick one. @ http://localhost:8400/live.js:8761
[  189678ms] [LOG] [impeccable] Live mode connected. @ http://localhost:8400/live.js:4625
[  190067ms] [LOG] [impeccable] SSE connection lost. Retry 1/20... @ http://localhost:8400/live.js:4695
[  190239ms] [INFO] %cDownload the React DevTools for a better development experience: https://react.dev/link/react-devtools font-weight:bold @ http://localhost:5173/node_modules/.vite/deps/react-dom_client.js?v=e42ceb9e:14336
[  190295ms] [LOG] [impeccable] Live variant mode ready. Hover over elements to pick one. @ http://localhost:8400/live.js:8761
[  190622ms] [LOG] [impeccable] Live mode connected. @ http://localhost:8400/live.js:4625
[  191022ms] [LOG] [impeccable] SSE connection lost. Retry 1/20... @ http://localhost:8400/live.js:4695
[  191222ms] [INFO] %cDownload the React DevTools for a better development experience: https://react.dev/link/react-devtools font-weight:bold @ http://localhost:5173/node_modules/.vite/deps/react-dom_client.js?v=e42ceb9e:14336
[  191274ms] [LOG] [impeccable] Live variant mode ready. Hover over elements to pick one. @ http://localhost:8400/live.js:8761
[  191607ms] [LOG] [impeccable] Live mode connected. @ http://localhost:8400/live.js:4625
[  191682ms] [LOG] [impeccable] SSE connection lost. Retry 1/20... @ http://localhost:8400/live.js:4695
[  191856ms] [INFO] %cDownload the React DevTools for a better development experience: https://react.dev/link/react-devtools font-weight:bold @ http://localhost:5173/node_modules/.vite/deps/react-dom_client.js?v=e42ceb9e:14336
[  191907ms] [LOG] [impeccable] Live variant mode ready. Hover over elements to pick one. @ http://localhost:8400/live.js:8761
[  192248ms] [LOG] [impeccable] Live mode connected. @ http://localhost:8400/live.js:4625
[  192390ms] [LOG] [impeccable] SSE connection lost. Retry 1/20... @ http://localhost:8400/live.js:4695
[  192601ms] [INFO] %cDownload the React DevTools for a better development experience: https://react.dev/link/react-devtools font-weight:bold @ http://localhost:5173/node_modules/.vite/deps/react-dom_client.js?v=e42ceb9e:14336
[  192651ms] [LOG] [impeccable] Live variant mode ready. Hover over elements to pick one. @ http://localhost:8400/live.js:8761
[  192988ms] [LOG] [impeccable] Live mode connected. @ http://localhost:8400/live.js:4625
[  193354ms] [LOG] [impeccable] SSE connection lost. Retry 1/20... @ http://localhost:8400/live.js:4695
[  193498ms] [INFO] %cDownload the React DevTools for a better development experience: https://react.dev/link/react-devtools font-weight:bold @ http://localhost:5173/node_modules/.vite/deps/react-dom_client.js?v=e42ceb9e:14336
[  193549ms] [LOG] [impeccable] Live variant mode ready. Hover over elements to pick one. @ http://localhost:8400/live.js:8761
[  193876ms] [LOG] [impeccable] Live mode connected. @ http://localhost:8400/live.js:4625
[  193949ms] [LOG] [impeccable] SSE connection lost. Retry 1/20... @ http://localhost:8400/live.js:4695
[  194140ms] [INFO] %cDownload the React DevTools for a better development experience: https://react.dev/link/react-devtools font-weight:bold @ http://localhost:5173/node_modules/.vite/deps/react-dom_client.js?v=e42ceb9e:14336
[  194186ms] [LOG] [impeccable] Live variant mode ready. Hover over elements to pick one. @ http://localhost:8400/live.js:8761
[  194521ms] [LOG] [impeccable] Live mode connected. @ http://localhost:8400/live.js:4625
[  195145ms] [LOG] [impeccable] SSE connection lost. Retry 1/20... @ http://localhost:8400/live.js:4695
[  195315ms] [INFO] %cDownload the React DevTools for a better development experience: https://react.dev/link/react-devtools font-weight:bold @ http://localhost:5173/node_modules/.vite/deps/react-dom_client.js?v=e42ceb9e:14336
[  195361ms] [LOG] [impeccable] Live variant mode ready. Hover over elements to pick one. @ http://localhost:8400/live.js:8761
[  195700ms] [LOG] [impeccable] Live mode connected. @ http://localhost:8400/live.js:4625
[  195850ms] [LOG] [impeccable] SSE connection lost. Retry 1/20... @ http://localhost:8400/live.js:4695
[  196051ms] [INFO] %cDownload the React DevTools for a better development experience: https://react.dev/link/react-devtools font-weight:bold @ http://localhost:5173/node_modules/.vite/deps/react-dom_client.js?v=e42ceb9e:14336
[  196100ms] [LOG] [impeccable] Live variant mode ready. Hover over elements to pick one. @ http://localhost:8400/live.js:8761
[  196445ms] [LOG] [impeccable] Live mode connected. @ http://localhost:8400/live.js:4625
[  196855ms] [LOG] [impeccable] SSE connection lost. Retry 1/20... @ http://localhost:8400/live.js:4695
[  197036ms] [INFO] %cDownload the React DevTools for a better development experience: https://react.dev/link/react-devtools font-weight:bold @ http://localhost:5173/node_modules/.vite/deps/react-dom_client.js?v=e42ceb9e:14336
[  197091ms] [LOG] [impeccable] Live variant mode ready. Hover over elements to pick one. @ http://localhost:8400/live.js:8761
[  197419ms] [LOG] [impeccable] Live mode connected. @ http://localhost:8400/live.js:4625
[  197600ms] [LOG] [impeccable] SSE connection lost. Retry 1/20... @ http://localhost:8400/live.js:4695
[  197691ms] [INFO] %cDownload the React DevTools for a better development experience: https://react.dev/link/react-devtools font-weight:bold @ http://localhost:5173/node_modules/.vite/deps/react-dom_client.js?v=e42ceb9e:14336
[  197740ms] [LOG] [impeccable] Live variant mode ready. Hover over elements to pick one. @ http://localhost:8400/live.js:8761
[  198071ms] [LOG] [impeccable] Live mode connected. @ http://localhost:8400/live.js:4625
[  198451ms] [LOG] [impeccable] SSE connection lost. Retry 1/20... @ http://localhost:8400/live.js:4695
[  198529ms] [INFO] %cDownload the React DevTools for a better development experience: https://react.dev/link/react-devtools font-weight:bold @ http://localhost:5173/node_modules/.vite/deps/react-dom_client.js?v=e42ceb9e:14336
[  198577ms] [LOG] [impeccable] Live variant mode ready. Hover over elements to pick one. @ http://localhost:8400/live.js:8761
[  198882ms] [LOG] [impeccable] Live mode connected. @ http://localhost:8400/live.js:4625
[  199134ms] [LOG] [impeccable] SSE connection lost. Retry 1/20... @ http://localhost:8400/live.js:4695
[  199208ms] [INFO] %cDownload the React DevTools for a better development experience: https://react.dev/link/react-devtools font-weight:bold @ http://localhost:5173/node_modules/.vite/deps/react-dom_client.js?v=e42ceb9e:14336
[  199250ms] [LOG] [impeccable] Live variant mode ready. Hover over elements to pick one. @ http://localhost:8400/live.js:8761
[  199521ms] [LOG] [impeccable] Live mode connected. @ http://localhost:8400/live.js:4625
[  199924ms] [LOG] [impeccable] SSE connection lost. Retry 1/20... @ http://localhost:8400/live.js:4695
[  200034ms] [INFO] %cDownload the React DevTools for a better development experience: https://react.dev/link/react-devtools font-weight:bold @ http://localhost:5173/node_modules/.vite/deps/react-dom_client.js?v=e42ceb9e:14336
[  200085ms] [LOG] [impeccable] Live variant mode ready. Hover over elements to pick one. @ http://localhost:8400/live.js:8761
[  200360ms] [LOG] [impeccable] Live mode connected. @ http://localhost:8400/live.js:4625
[  200749ms] [LOG] [impeccable] SSE connection lost. Retry 1/20... @ http://localhost:8400/live.js:4695
[  200890ms] [INFO] %cDownload the React DevTools for a better development experience: https://react.dev/link/react-devtools font-weight:bold @ http://localhost:5173/node_modules/.vite/deps/react-dom_client.js?v=e42ceb9e:14336
[  200940ms] [LOG] [impeccable] Live variant mode ready. Hover over elements to pick one. @ http://localhost:8400/live.js:8761
[  201237ms] [LOG] [impeccable] Live mode connected. @ http://localhost:8400/live.js:4625
[  201607ms] [LOG] [impeccable] SSE connection lost. Retry 1/20... @ http://localhost:8400/live.js:4695
[  201689ms] [INFO] %cDownload the React DevTools for a better development experience: https://react.dev/link/react-devtools font-weight:bold @ http://localhost:5173/node_modules/.vite/deps/react-dom_client.js?v=e42ceb9e:14336
[  201734ms] [LOG] [impeccable] Live variant mode ready. Hover over elements to pick one. @ http://localhost:8400/live.js:8761
[  202029ms] [LOG] [impeccable] Live mode connected. @ http://localhost:8400/live.js:4625
[  202085ms] [LOG] [impeccable] SSE connection lost. Retry 1/20... @ http://localhost:8400/live.js:4695
[  202148ms] [INFO] %cDownload the React DevTools for a better development experience: https://react.dev/link/react-devtools font-weight:bold @ http://localhost:5173/node_modules/.vite/deps/react-dom_client.js?v=e42ceb9e:14336
[  202190ms] [LOG] [impeccable] Live variant mode ready. Hover over elements to pick one. @ http://localhost:8400/live.js:8761
[  202465ms] [LOG] [impeccable] Live mode connected. @ http://localhost:8400/live.js:4625
[  202537ms] [LOG] [impeccable] SSE connection lost. Retry 1/20... @ http://localhost:8400/live.js:4695
[  202594ms] [INFO] %cDownload the React DevTools for a better development experience: https://react.dev/link/react-devtools font-weight:bold @ http://localhost:5173/node_modules/.vite/deps/react-dom_client.js?v=e42ceb9e:14336
[  202638ms] [LOG] [impeccable] Live variant mode ready. Hover over elements to pick one. @ http://localhost:8400/live.js:8761
[  202941ms] [LOG] [impeccable] Live mode connected. @ http://localhost:8400/live.js:4625
[  203158ms] [LOG] [impeccable] SSE connection lost. Retry 1/20... @ http://localhost:8400/live.js:4695
[  203265ms] [INFO] %cDownload the React DevTools for a better development experience: https://react.dev/link/react-devtools font-weight:bold @ http://localhost:5173/node_modules/.vite/deps/react-dom_client.js?v=e42ceb9e:14336
[  203308ms] [LOG] [impeccable] Live variant mode ready. Hover over elements to pick one. @ http://localhost:8400/live.js:8761
[  203599ms] [LOG] [impeccable] Live mode connected. @ http://localhost:8400/live.js:4625
[  203963ms] [LOG] [impeccable] SSE connection lost. Retry 1/20... @ http://localhost:8400/live.js:4695
[  204041ms] [INFO] %cDownload the React DevTools for a better development experience: https://react.dev/link/react-devtools font-weight:bold @ http://localhost:5173/node_modules/.vite/deps/react-dom_client.js?v=e42ceb9e:14336
[  204088ms] [LOG] [impeccable] Live variant mode ready. Hover over elements to pick one. @ http://localhost:8400/live.js:8761
[  204364ms] [LOG] [impeccable] Live mode connected. @ http://localhost:8400/live.js:4625
[  204407ms] [LOG] [impeccable] SSE connection lost. Retry 1/20... @ http://localhost:8400/live.js:4695
[  204463ms] [INFO] %cDownload the React DevTools for a better development experience: https://react.dev/link/react-devtools font-weight:bold @ http://localhost:5173/node_modules/.vite/deps/react-dom_client.js?v=e42ceb9e:14336
[  204502ms] [LOG] [impeccable] Live variant mode ready. Hover over elements to pick one. @ http://localhost:8400/live.js:8761
[  204794ms] [LOG] [impeccable] Live mode connected. @ http://localhost:8400/live.js:4625
[  205004ms] [LOG] [impeccable] SSE connection lost. Retry 1/20... @ http://localhost:8400/live.js:4695
[  205140ms] [INFO] %cDownload the React DevTools for a better development experience: https://react.dev/link/react-devtools font-weight:bold @ http://localhost:5173/node_modules/.vite/deps/react-dom_client.js?v=e42ceb9e:14336
[  205185ms] [LOG] [impeccable] Live variant mode ready. Hover over elements to pick one. @ http://localhost:8400/live.js:8761
[  205461ms] [LOG] [impeccable] Live mode connected. @ http://localhost:8400/live.js:4625
[  205526ms] [LOG] [impeccable] SSE connection lost. Retry 1/20... @ http://localhost:8400/live.js:4695
[  205595ms] [INFO] %cDownload the React DevTools for a better development experience: https://react.dev/link/react-devtools font-weight:bold @ http://localhost:5173/node_modules/.vite/deps/react-dom_client.js?v=e42ceb9e:14336
[  205640ms] [LOG] [impeccable] Live variant mode ready. Hover over elements to pick one. @ http://localhost:8400/live.js:8761
[  205977ms] [LOG] [impeccable] Live mode connected. @ http://localhost:8400/live.js:4625
[  206334ms] [LOG] [impeccable] SSE connection lost. Retry 1/20... @ http://localhost:8400/live.js:4695
[  206410ms] [INFO] %cDownload the React DevTools for a better development experience: https://react.dev/link/react-devtools font-weight:bold @ http://localhost:5173/node_modules/.vite/deps/react-dom_client.js?v=e42ceb9e:14336
[  206457ms] [LOG] [impeccable] Live variant mode ready. Hover over elements to pick one. @ http://localhost:8400/live.js:8761
[  206769ms] [LOG] [impeccable] Live mode connected. @ http://localhost:8400/live.js:4625
[  206846ms] [LOG] [impeccable] SSE connection lost. Retry 1/20... @ http://localhost:8400/live.js:4695
[  206961ms] [INFO] %cDownload the React DevTools for a better development experience: https://react.dev/link/react-devtools font-weight:bold @ http://localhost:5173/node_modules/.vite/deps/react-dom_client.js?v=e42ceb9e:14336
[  207004ms] [LOG] [impeccable] Live variant mode ready. Hover over elements to pick one. @ http://localhost:8400/live.js:8761
[  207304ms] [LOG] [impeccable] Live mode connected. @ http://localhost:8400/live.js:4625
[  207356ms] [LOG] [impeccable] SSE connection lost. Retry 1/20... @ http://localhost:8400/live.js:4695
[  207424ms] [INFO] %cDownload the React DevTools for a better development experience: https://react.dev/link/react-devtools font-weight:bold @ http://localhost:5173/node_modules/.vite/deps/react-dom_client.js?v=e42ceb9e:14336
[  207466ms] [LOG] [impeccable] Live variant mode ready. Hover over elements to pick one. @ http://localhost:8400/live.js:8761
[  207759ms] [LOG] [impeccable] Live mode connected. @ http://localhost:8400/live.js:4625
[  207942ms] [LOG] [impeccable] SSE connection lost. Retry 1/20... @ http://localhost:8400/live.js:4695
[  208040ms] [INFO] %cDownload the React DevTools for a better development experience: https://react.dev/link/react-devtools font-weight:bold @ http://localhost:5173/node_modules/.vite/deps/react-dom_client.js?v=e42ceb9e:14336
[  208085ms] [LOG] [impeccable] Live variant mode ready. Hover over elements to pick one. @ http://localhost:8400/live.js:8761
[  208395ms] [LOG] [impeccable] Live mode connected. @ http://localhost:8400/live.js:4625
[  208770ms] [LOG] [impeccable] SSE connection lost. Retry 1/20... @ http://localhost:8400/live.js:4695
[  208852ms] [INFO] %cDownload the React DevTools for a better development experience: https://react.dev/link/react-devtools font-weight:bold @ http://localhost:5173/node_modules/.vite/deps/react-dom_client.js?v=e42ceb9e:14336
[  208896ms] [LOG] [impeccable] Live variant mode ready. Hover over elements to pick one. @ http://localhost:8400/live.js:8761
[  209191ms] [LOG] [impeccable] Live mode connected. @ http://localhost:8400/live.js:4625
[  209242ms] [LOG] [impeccable] SSE connection lost. Retry 1/20... @ http://localhost:8400/live.js:4695
[  209328ms] [INFO] %cDownload the React DevTools for a better development experience: https://react.dev/link/react-devtools font-weight:bold @ http://localhost:5173/node_modules/.vite/deps/react-dom_client.js?v=e42ceb9e:14336
[  209372ms] [LOG] [impeccable] Live variant mode ready. Hover over elements to pick one. @ http://localhost:8400/live.js:8761
[  209669ms] [LOG] [impeccable] Live mode connected. @ http://localhost:8400/live.js:4625
[  209747ms] [LOG] [impeccable] SSE connection lost. Retry 1/20... @ http://localhost:8400/live.js:4695
[  209863ms] [INFO] %cDownload the React DevTools for a better development experience: https://react.dev/link/react-devtools font-weight:bold @ http://localhost:5173/node_modules/.vite/deps/react-dom_client.js?v=e42ceb9e:14336
[  209909ms] [LOG] [impeccable] Live variant mode ready. Hover over elements to pick one. @ http://localhost:8400/live.js:8761
[  210207ms] [LOG] [impeccable] Live mode connected. @ http://localhost:8400/live.js:4625
[  210280ms] [LOG] [impeccable] SSE connection lost. Retry 1/20... @ http://localhost:8400/live.js:4695
[  210395ms] [INFO] %cDownload the React DevTools for a better development experience: https://react.dev/link/react-devtools font-weight:bold @ http://localhost:5173/node_modules/.vite/deps/react-dom_client.js?v=e42ceb9e:14336
[  210440ms] [LOG] [impeccable] Live variant mode ready. Hover over elements to pick one. @ http://localhost:8400/live.js:8761
[  210718ms] [LOG] [impeccable] Live mode connected. @ http://localhost:8400/live.js:4625
[  211105ms] [LOG] [impeccable] SSE connection lost. Retry 1/20... @ http://localhost:8400/live.js:4695
[  211182ms] [INFO] %cDownload the React DevTools for a better development experience: https://react.dev/link/react-devtools font-weight:bold @ http://localhost:5173/node_modules/.vite/deps/react-dom_client.js?v=e42ceb9e:14336
[  211231ms] [LOG] [impeccable] Live variant mode ready. Hover over elements to pick one. @ http://localhost:8400/live.js:8761
[  211537ms] [LOG] [impeccable] Live mode connected. @ http://localhost:8400/live.js:4625
[  211941ms] [LOG] [impeccable] SSE connection lost. Retry 1/20... @ http://localhost:8400/live.js:4695
[  212078ms] [INFO] %cDownload the React DevTools for a better development experience: https://react.dev/link/react-devtools font-weight:bold @ http://localhost:5173/node_modules/.vite/deps/react-dom_client.js?v=e42ceb9e:14336
[  212129ms] [LOG] [impeccable] Live variant mode ready. Hover over elements to pick one. @ http://localhost:8400/live.js:8761
[  212430ms] [LOG] [impeccable] Live mode connected. @ http://localhost:8400/live.js:4625
[  212801ms] [LOG] [impeccable] SSE connection lost. Retry 1/20... @ http://localhost:8400/live.js:4695
[  212881ms] [INFO] %cDownload the React DevTools for a better development experience: https://react.dev/link/react-devtools font-weight:bold @ http://localhost:5173/node_modules/.vite/deps/react-dom_client.js?v=e42ceb9e:14336
[  212927ms] [LOG] [impeccable] Live variant mode ready. Hover over elements to pick one. @ http://localhost:8400/live.js:8761
[  213220ms] [LOG] [impeccable] SSE connection lost. Retry 1/20... @ http://localhost:8400/live.js:4695
[  213221ms] [WARNING] [impeccable] failed to fetch pending count: TypeError: Failed to fetch @ http://localhost:8400/live.js:3549
[  213329ms] [INFO] %cDownload the React DevTools for a better development experience: https://react.dev/link/react-devtools font-weight:bold @ http://localhost:5173/node_modules/.vite/deps/react-dom_client.js?v=e42ceb9e:14336
[  213374ms] [LOG] [impeccable] Live variant mode ready. Hover over elements to pick one. @ http://localhost:8400/live.js:8761
[  213739ms] [LOG] [impeccable] Live mode connected. @ http://localhost:8400/live.js:4625
[  213983ms] [LOG] [impeccable] SSE connection lost. Retry 1/20... @ http://localhost:8400/live.js:4695
[  214084ms] [INFO] %cDownload the React DevTools for a better development experience: https://react.dev/link/react-devtools font-weight:bold @ http://localhost:5173/node_modules/.vite/deps/react-dom_client.js?v=e42ceb9e:14336
[  214134ms] [LOG] [impeccable] Live variant mode ready. Hover over elements to pick one. @ http://localhost:8400/live.js:8761
[  214447ms] [LOG] [impeccable] Live mode connected. @ http://localhost:8400/live.js:4625
[  214517ms] [LOG] [impeccable] SSE connection lost. Retry 1/20... @ http://localhost:8400/live.js:4695
[  214596ms] [INFO] %cDownload the React DevTools for a better development experience: https://react.dev/link/react-devtools font-weight:bold @ http://localhost:5173/node_modules/.vite/deps/react-dom_client.js?v=e42ceb9e:14336
[  214638ms] [LOG] [impeccable] Live variant mode ready. Hover over elements to pick one. @ http://localhost:8400/live.js:8761
[  214995ms] [LOG] [impeccable] Live mode connected. @ http://localhost:8400/live.js:4625
[  215285ms] [LOG] [impeccable] SSE connection lost. Retry 1/20... @ http://localhost:8400/live.js:4695
[  215658ms] [INFO] %cDownload the React DevTools for a better development experience: https://react.dev/link/react-devtools font-weight:bold @ http://localhost:5173/node_modules/.vite/deps/react-dom_client.js?v=e42ceb9e:14336
[  215719ms] [LOG] [impeccable] Live variant mode ready. Hover over elements to pick one. @ http://localhost:8400/live.js:8761
[  216185ms] [LOG] [impeccable] Live mode connected. @ http://localhost:8400/live.js:4625
[  216673ms] [LOG] [impeccable] SSE connection lost. Retry 1/20... @ http://localhost:8400/live.js:4695
[  217007ms] [INFO] %cDownload the React DevTools for a better development experience: https://react.dev/link/react-devtools font-weight:bold @ http://localhost:5173/node_modules/.vite/deps/react-dom_client.js?v=e42ceb9e:14336
[  217069ms] [LOG] [impeccable] Live variant mode ready. Hover over elements to pick one. @ http://localhost:8400/live.js:8761
[  217493ms] [LOG] [impeccable] Live mode connected. @ http://localhost:8400/live.js:4625
[  218030ms] [LOG] [impeccable] SSE connection lost. Retry 1/20... @ http://localhost:8400/live.js:4695
[  218381ms] [INFO] %cDownload the React DevTools for a better development experience: https://react.dev/link/react-devtools font-weight:bold @ http://localhost:5173/node_modules/.vite/deps/react-dom_client.js?v=e42ceb9e:14336
[  218444ms] [LOG] [impeccable] Live variant mode ready. Hover over elements to pick one. @ http://localhost:8400/live.js:8761
[  218907ms] [LOG] [impeccable] Live mode connected. @ http://localhost:8400/live.js:4625
[  219375ms] [LOG] [impeccable] SSE connection lost. Retry 1/20... @ http://localhost:8400/live.js:4695
[  219693ms] [INFO] %cDownload the React DevTools for a better development experience: https://react.dev/link/react-devtools font-weight:bold @ http://localhost:5173/node_modules/.vite/deps/react-dom_client.js?v=e42ceb9e:14336
[  219751ms] [LOG] [impeccable] Live variant mode ready. Hover over elements to pick one. @ http://localhost:8400/live.js:8761
[  220153ms] [LOG] [impeccable] Live mode connected. @ http://localhost:8400/live.js:4625
[  221373ms] [LOG] [impeccable] SSE connection lost. Retry 1/20... @ http://localhost:8400/live.js:4695
[  221687ms] [INFO] %cDownload the React DevTools for a better development experience: https://react.dev/link/react-devtools font-weight:bold @ http://localhost:5173/node_modules/.vite/deps/react-dom_client.js?v=e42ceb9e:14336
[  221746ms] [LOG] [impeccable] Live variant mode ready. Hover over elements to pick one. @ http://localhost:8400/live.js:8761
[  222186ms] [LOG] [impeccable] Live mode connected. @ http://localhost:8400/live.js:4625
[  222805ms] [LOG] [impeccable] SSE connection lost. Retry 1/20... @ http://localhost:8400/live.js:4695
[  223036ms] [INFO] %cDownload the React DevTools for a better development experience: https://react.dev/link/react-devtools font-weight:bold @ http://localhost:5173/node_modules/.vite/deps/react-dom_client.js?v=e42ceb9e:14336
[  223094ms] [LOG] [impeccable] Live variant mode ready. Hover over elements to pick one. @ http://localhost:8400/live.js:8761
[  223554ms] [LOG] [impeccable] Live mode connected. @ http://localhost:8400/live.js:4625
[  224158ms] [LOG] [impeccable] SSE connection lost. Retry 1/20... @ http://localhost:8400/live.js:4695
[  224442ms] [INFO] %cDownload the React DevTools for a better development experience: https://react.dev/link/react-devtools font-weight:bold @ http://localhost:5173/node_modules/.vite/deps/react-dom_client.js?v=e42ceb9e:14336
[  224497ms] [LOG] [impeccable] Live variant mode ready. Hover over elements to pick one. @ http://localhost:8400/live.js:8761
[  224908ms] [LOG] [impeccable] Live mode connected. @ http://localhost:8400/live.js:4625
[  225333ms] [LOG] [impeccable] SSE connection lost. Retry 1/20... @ http://localhost:8400/live.js:4695
[  225581ms] [INFO] %cDownload the React DevTools for a better development experience: https://react.dev/link/react-devtools font-weight:bold @ http://localhost:5173/node_modules/.vite/deps/react-dom_client.js?v=e42ceb9e:14336
[  225636ms] [LOG] [impeccable] Live variant mode ready. Hover over elements to pick one. @ http://localhost:8400/live.js:8761
[  226051ms] [LOG] [impeccable] Live mode connected. @ http://localhost:8400/live.js:4625
[  226735ms] [LOG] [impeccable] SSE connection lost. Retry 1/20... @ http://localhost:8400/live.js:4695
[  227041ms] [INFO] %cDownload the React DevTools for a better development experience: https://react.dev/link/react-devtools font-weight:bold @ http://localhost:5173/node_modules/.vite/deps/react-dom_client.js?v=e42ceb9e:14336
[  227110ms] [LOG] [impeccable] Live variant mode ready. Hover over elements to pick one. @ http://localhost:8400/live.js:8761
[  227519ms] [LOG] [impeccable] Live mode connected. @ http://localhost:8400/live.js:4625
[  228009ms] [LOG] [impeccable] SSE connection lost. Retry 1/20... @ http://localhost:8400/live.js:4695
[  228366ms] [INFO] %cDownload the React DevTools for a better development experience: https://react.dev/link/react-devtools font-weight:bold @ http://localhost:5173/node_modules/.vite/deps/react-dom_client.js?v=e42ceb9e:14336
[  228428ms] [LOG] [impeccable] Live variant mode ready. Hover over elements to pick one. @ http://localhost:8400/live.js:8761
[  228860ms] [LOG] [impeccable] Live mode connected. @ http://localhost:8400/live.js:4625
[  229292ms] [LOG] [impeccable] SSE connection lost. Retry 1/20... @ http://localhost:8400/live.js:4695
[  229530ms] [INFO] %cDownload the React DevTools for a better development experience: https://react.dev/link/react-devtools font-weight:bold @ http://localhost:5173/node_modules/.vite/deps/react-dom_client.js?v=e42ceb9e:14336
[  229587ms] [LOG] [impeccable] Live variant mode ready. Hover over elements to pick one. @ http://localhost:8400/live.js:8761
[  230005ms] [LOG] [impeccable] Live mode connected. @ http://localhost:8400/live.js:4625
[  230684ms] [LOG] [impeccable] SSE connection lost. Retry 1/20... @ http://localhost:8400/live.js:4695
[  230941ms] [INFO] %cDownload the React DevTools for a better development experience: https://react.dev/link/react-devtools font-weight:bold @ http://localhost:5173/node_modules/.vite/deps/react-dom_client.js?v=e42ceb9e:14336
[  231010ms] [LOG] [impeccable] Live variant mode ready. Hover over elements to pick one. @ http://localhost:8400/live.js:8761
[  231511ms] [LOG] [impeccable] Live mode connected. @ http://localhost:8400/live.js:4625
[  232115ms] [LOG] [impeccable] SSE connection lost. Retry 1/20... @ http://localhost:8400/live.js:4695
[  232579ms] [INFO] %cDownload the React DevTools for a better development experience: https://react.dev/link/react-devtools font-weight:bold @ http://localhost:5173/node_modules/.vite/deps/react-dom_client.js?v=e42ceb9e:14336
[  232638ms] [LOG] [impeccable] Live variant mode ready. Hover over elements to pick one. @ http://localhost:8400/live.js:8761
[  233117ms] [LOG] [impeccable] Live mode connected. @ http://localhost:8400/live.js:4625
[  233524ms] [LOG] [impeccable] SSE connection lost. Retry 1/20... @ http://localhost:8400/live.js:4695
[  233781ms] [INFO] %cDownload the React DevTools for a better development experience: https://react.dev/link/react-devtools font-weight:bold @ http://localhost:5173/node_modules/.vite/deps/react-dom_client.js?v=e42ceb9e:14336
[  233843ms] [LOG] [impeccable] Live variant mode ready. Hover over elements to pick one. @ http://localhost:8400/live.js:8761
[  234254ms] [LOG] [impeccable] Live mode connected. @ http://localhost:8400/live.js:4625
[  234940ms] [LOG] [impeccable] SSE connection lost. Retry 1/20... @ http://localhost:8400/live.js:4695
[  235156ms] [INFO] %cDownload the React DevTools for a better development experience: https://react.dev/link/react-devtools font-weight:bold @ http://localhost:5173/node_modules/.vite/deps/react-dom_client.js?v=e42ceb9e:14336
[  235216ms] [LOG] [impeccable] Live variant mode ready. Hover over elements to pick one. @ http://localhost:8400/live.js:8761
[  235700ms] [LOG] [impeccable] Live mode connected. @ http://localhost:8400/live.js:4625
[  236147ms] [LOG] [impeccable] SSE connection lost. Retry 1/20... @ http://localhost:8400/live.js:4695
[  236405ms] [INFO] %cDownload the React DevTools for a better development experience: https://react.dev/link/react-devtools font-weight:bold @ http://localhost:5173/node_modules/.vite/deps/react-dom_client.js?v=e42ceb9e:14336
[  236463ms] [LOG] [impeccable] Live variant mode ready. Hover over elements to pick one. @ http://localhost:8400/live.js:8761
[  236833ms] [LOG] [impeccable] Live mode connected. @ http://localhost:8400/live.js:4625
[  237360ms] [LOG] [impeccable] SSE connection lost. Retry 1/20... @ http://localhost:8400/live.js:4695
[  237601ms] [INFO] %cDownload the React DevTools for a better development experience: https://react.dev/link/react-devtools font-weight:bold @ http://localhost:5173/node_modules/.vite/deps/react-dom_client.js?v=e42ceb9e:14336
[  237666ms] [LOG] [impeccable] Live variant mode ready. Hover over elements to pick one. @ http://localhost:8400/live.js:8761
[  238107ms] [LOG] [impeccable] Live mode connected. @ http://localhost:8400/live.js:4625
[  238581ms] [LOG] [impeccable] SSE connection lost. Retry 1/20... @ http://localhost:8400/live.js:4695
[  238815ms] [INFO] %cDownload the React DevTools for a better development experience: https://react.dev/link/react-devtools font-weight:bold @ http://localhost:5173/node_modules/.vite/deps/react-dom_client.js?v=e42ceb9e:14336
[  238870ms] [LOG] [impeccable] Live variant mode ready. Hover over elements to pick one. @ http://localhost:8400/live.js:8761
[  239273ms] [LOG] [impeccable] Live mode connected. @ http://localhost:8400/live.js:4625
[  239719ms] [LOG] [impeccable] SSE connection lost. Retry 1/20... @ http://localhost:8400/live.js:4695
[  239946ms] [INFO] %cDownload the React DevTools for a better development experience: https://react.dev/link/react-devtools font-weight:bold @ http://localhost:5173/node_modules/.vite/deps/react-dom_client.js?v=e42ceb9e:14336
[  240010ms] [LOG] [impeccable] Live variant mode ready. Hover over elements to pick one. @ http://localhost:8400/live.js:8761
[  240438ms] [LOG] [impeccable] Live mode connected. @ http://localhost:8400/live.js:4625
[  240947ms] [LOG] [impeccable] SSE connection lost. Retry 1/20... @ http://localhost:8400/live.js:4695
[  241202ms] [INFO] %cDownload the React DevTools for a better development experience: https://react.dev/link/react-devtools font-weight:bold @ http://localhost:5173/node_modules/.vite/deps/react-dom_client.js?v=e42ceb9e:14336
[  241259ms] [LOG] [impeccable] Live variant mode ready. Hover over elements to pick one. @ http://localhost:8400/live.js:8761
[  241690ms] [LOG] [impeccable] Live mode connected. @ http://localhost:8400/live.js:4625
[  242185ms] [LOG] [impeccable] SSE connection lost. Retry 1/20... @ http://localhost:8400/live.js:4695
[  242458ms] [INFO] %cDownload the React DevTools for a better development experience: https://react.dev/link/react-devtools font-weight:bold @ http://localhost:5173/node_modules/.vite/deps/react-dom_client.js?v=e42ceb9e:14336
[  242517ms] [LOG] [impeccable] Live variant mode ready. Hover over elements to pick one. @ http://localhost:8400/live.js:8761
[  242982ms] [LOG] [impeccable] Live mode connected. @ http://localhost:8400/live.js:4625
[  243564ms] [LOG] [impeccable] SSE connection lost. Retry 1/20... @ http://localhost:8400/live.js:4695
[  243876ms] [INFO] %cDownload the React DevTools for a better development experience: https://react.dev/link/react-devtools font-weight:bold @ http://localhost:5173/node_modules/.vite/deps/react-dom_client.js?v=e42ceb9e:14336
[  243935ms] [LOG] [impeccable] Live variant mode ready. Hover over elements to pick one. @ http://localhost:8400/live.js:8761
[  244308ms] [LOG] [impeccable] Live mode connected. @ http://localhost:8400/live.js:4625
[  244758ms] [LOG] [impeccable] SSE connection lost. Retry 1/20... @ http://localhost:8400/live.js:4695
[  245004ms] [INFO] %cDownload the React DevTools for a better development experience: https://react.dev/link/react-devtools font-weight:bold @ http://localhost:5173/node_modules/.vite/deps/react-dom_client.js?v=e42ceb9e:14336
[  245063ms] [LOG] [impeccable] Live variant mode ready. Hover over elements to pick one. @ http://localhost:8400/live.js:8761
[  245476ms] [LOG] [impeccable] Live mode connected. @ http://localhost:8400/live.js:4625
[  245901ms] [LOG] [impeccable] SSE connection lost. Retry 1/20... @ http://localhost:8400/live.js:4695
[  246126ms] [INFO] %cDownload the React DevTools for a better development experience: https://react.dev/link/react-devtools font-weight:bold @ http://localhost:5173/node_modules/.vite/deps/react-dom_client.js?v=e42ceb9e:14336
[  246181ms] [LOG] [impeccable] Live variant mode ready. Hover over elements to pick one. @ http://localhost:8400/live.js:8761
[  246591ms] [LOG] [impeccable] Live mode connected. @ http://localhost:8400/live.js:4625
[  247030ms] [LOG] [impeccable] SSE connection lost. Retry 1/20... @ http://localhost:8400/live.js:4695
[  247265ms] [INFO] %cDownload the React DevTools for a better development experience: https://react.dev/link/react-devtools font-weight:bold @ http://localhost:5173/node_modules/.vite/deps/react-dom_client.js?v=e42ceb9e:14336
[  247318ms] [LOG] [impeccable] Live variant mode ready. Hover over elements to pick one. @ http://localhost:8400/live.js:8761
[  247735ms] [LOG] [impeccable] Live mode connected. @ http://localhost:8400/live.js:4625
[  248157ms] [LOG] [impeccable] SSE connection lost. Retry 1/20... @ http://localhost:8400/live.js:4695
[  248406ms] [INFO] %cDownload the React DevTools for a better development experience: https://react.dev/link/react-devtools font-weight:bold @ http://localhost:5173/node_modules/.vite/deps/react-dom_client.js?v=e42ceb9e:14336
[  248459ms] [LOG] [impeccable] Live variant mode ready. Hover over elements to pick one. @ http://localhost:8400/live.js:8761
[  248859ms] [LOG] [impeccable] Live mode connected. @ http://localhost:8400/live.js:4625
[  249308ms] [LOG] [impeccable] SSE connection lost. Retry 1/20... @ http://localhost:8400/live.js:4695
[  249560ms] [INFO] %cDownload the React DevTools for a better development experience: https://react.dev/link/react-devtools font-weight:bold @ http://localhost:5173/node_modules/.vite/deps/react-dom_client.js?v=e42ceb9e:14336
[  249621ms] [LOG] [impeccable] Live variant mode ready. Hover over elements to pick one. @ http://localhost:8400/live.js:8761
[  250049ms] [LOG] [impeccable] Live mode connected. @ http://localhost:8400/live.js:4625
[  250513ms] [LOG] [impeccable] SSE connection lost. Retry 1/20... @ http://localhost:8400/live.js:4695
[  250759ms] [INFO] %cDownload the React DevTools for a better development experience: https://react.dev/link/react-devtools font-weight:bold @ http://localhost:5173/node_modules/.vite/deps/react-dom_client.js?v=e42ceb9e:14336
[  250812ms] [LOG] [impeccable] Live variant mode ready. Hover over elements to pick one. @ http://localhost:8400/live.js:8761
[  251236ms] [LOG] [impeccable] Live mode connected. @ http://localhost:8400/live.js:4625
[  251840ms] [LOG] [impeccable] SSE connection lost. Retry 1/20... @ http://localhost:8400/live.js:4695
[  252266ms] [INFO] %cDownload the React DevTools for a better development experience: https://react.dev/link/react-devtools font-weight:bold @ http://localhost:5173/node_modules/.vite/deps/react-dom_client.js?v=e42ceb9e:14336
[  252329ms] [LOG] [impeccable] Live variant mode ready. Hover over elements to pick one. @ http://localhost:8400/live.js:8761
[  252910ms] [LOG] [impeccable] Live mode connected. @ http://localhost:8400/live.js:4625
[  253350ms] [LOG] [impeccable] SSE connection lost. Retry 1/20... @ http://localhost:8400/live.js:4695
[  253605ms] [INFO] %cDownload the React DevTools for a better development experience: https://react.dev/link/react-devtools font-weight:bold @ http://localhost:5173/node_modules/.vite/deps/react-dom_client.js?v=e42ceb9e:14336
[  253661ms] [LOG] [impeccable] Live variant mode ready. Hover over elements to pick one. @ http://localhost:8400/live.js:8761
[  254078ms] [LOG] [impeccable] Live mode connected. @ http://localhost:8400/live.js:4625
[  254548ms] [LOG] [impeccable] SSE connection lost. Retry 1/20... @ http://localhost:8400/live.js:4695
[  254833ms] [INFO] %cDownload the React DevTools for a better development experience: https://react.dev/link/react-devtools font-weight:bold @ http://localhost:5173/node_modules/.vite/deps/react-dom_client.js?v=e42ceb9e:14336
[  254891ms] [LOG] [impeccable] Live variant mode ready. Hover over elements to pick one. @ http://localhost:8400/live.js:8761
[  255307ms] [LOG] [impeccable] Live mode connected. @ http://localhost:8400/live.js:4625
[  255730ms] [LOG] [impeccable] SSE connection lost. Retry 1/20... @ http://localhost:8400/live.js:4695
[  255966ms] [INFO] %cDownload the React DevTools for a better development experience: https://react.dev/link/react-devtools font-weight:bold @ http://localhost:5173/node_modules/.vite/deps/react-dom_client.js?v=e42ceb9e:14336
[  256021ms] [LOG] [impeccable] Live variant mode ready. Hover over elements to pick one. @ http://localhost:8400/live.js:8761
[  256417ms] [LOG] [impeccable] Live mode connected. @ http://localhost:8400/live.js:4625
[  256840ms] [LOG] [impeccable] SSE connection lost. Retry 1/20... @ http://localhost:8400/live.js:4695
[  257065ms] [INFO] %cDownload the React DevTools for a better development experience: https://react.dev/link/react-devtools font-weight:bold @ http://localhost:5173/node_modules/.vite/deps/react-dom_client.js?v=e42ceb9e:14336
[  257119ms] [LOG] [impeccable] Live variant mode ready. Hover over elements to pick one. @ http://localhost:8400/live.js:8761
[  257530ms] [LOG] [impeccable] Live mode connected. @ http://localhost:8400/live.js:4625
[  257961ms] [LOG] [impeccable] SSE connection lost. Retry 1/20... @ http://localhost:8400/live.js:4695
[  258203ms] [INFO] %cDownload the React DevTools for a better development experience: https://react.dev/link/react-devtools font-weight:bold @ http://localhost:5173/node_modules/.vite/deps/react-dom_client.js?v=e42ceb9e:14336
[  258261ms] [LOG] [impeccable] Live variant mode ready. Hover over elements to pick one. @ http://localhost:8400/live.js:8761
[  258658ms] [LOG] [impeccable] Live mode connected. @ http://localhost:8400/live.js:4625
[  259078ms] [LOG] [impeccable] SSE connection lost. Retry 1/20... @ http://localhost:8400/live.js:4695
[  259321ms] [INFO] %cDownload the React DevTools for a better development experience: https://react.dev/link/react-devtools font-weight:bold @ http://localhost:5173/node_modules/.vite/deps/react-dom_client.js?v=e42ceb9e:14336
[  259379ms] [LOG] [impeccable] Live variant mode ready. Hover over elements to pick one. @ http://localhost:8400/live.js:8761
[  259786ms] [LOG] [impeccable] Live mode connected. @ http://localhost:8400/live.js:4625
[  260282ms] [LOG] [impeccable] SSE connection lost. Retry 1/20... @ http://localhost:8400/live.js:4695
[  260405ms] [INFO] %cDownload the React DevTools for a better development experience: https://react.dev/link/react-devtools font-weight:bold @ http://localhost:5173/node_modules/.vite/deps/react-dom_client.js?v=e42ceb9e:14336
[  260447ms] [LOG] [impeccable] Live variant mode ready. Hover over elements to pick one. @ http://localhost:8400/live.js:8761
[  260721ms] [LOG] [impeccable] Live mode connected. @ http://localhost:8400/live.js:4625
[  261072ms] [LOG] [impeccable] SSE connection lost. Retry 1/20... @ http://localhost:8400/live.js:4695
[  261141ms] [INFO] %cDownload the React DevTools for a better development experience: https://react.dev/link/react-devtools font-weight:bold @ http://localhost:5173/node_modules/.vite/deps/react-dom_client.js?v=e42ceb9e:14336
[  261182ms] [LOG] [impeccable] Live variant mode ready. Hover over elements to pick one. @ http://localhost:8400/live.js:8761
[  261468ms] [LOG] [impeccable] Live mode connected. @ http://localhost:8400/live.js:4625
[  261825ms] [LOG] [impeccable] SSE connection lost. Retry 1/20... @ http://localhost:8400/live.js:4695
[  261904ms] [INFO] %cDownload the React DevTools for a better development experience: https://react.dev/link/react-devtools font-weight:bold @ http://localhost:5173/node_modules/.vite/deps/react-dom_client.js?v=e42ceb9e:14336
[  261947ms] [LOG] [impeccable] Live variant mode ready. Hover over elements to pick one. @ http://localhost:8400/live.js:8761
[  262233ms] [LOG] [impeccable] Live mode connected. @ http://localhost:8400/live.js:4625
[  262593ms] [LOG] [impeccable] SSE connection lost. Retry 1/20... @ http://localhost:8400/live.js:4695
[  262667ms] [INFO] %cDownload the React DevTools for a better development experience: https://react.dev/link/react-devtools font-weight:bold @ http://localhost:5173/node_modules/.vite/deps/react-dom_client.js?v=e42ceb9e:14336
[  262714ms] [LOG] [impeccable] Live variant mode ready. Hover over elements to pick one. @ http://localhost:8400/live.js:8761
[  262997ms] [LOG] [impeccable] Live mode connected. @ http://localhost:8400/live.js:4625
[  263354ms] [LOG] [impeccable] SSE connection lost. Retry 1/20... @ http://localhost:8400/live.js:4695
[  263427ms] [INFO] %cDownload the React DevTools for a better development experience: https://react.dev/link/react-devtools font-weight:bold @ http://localhost:5173/node_modules/.vite/deps/react-dom_client.js?v=e42ceb9e:14336
[  263471ms] [LOG] [impeccable] Live variant mode ready. Hover over elements to pick one. @ http://localhost:8400/live.js:8761
[  263753ms] [LOG] [impeccable] Live mode connected. @ http://localhost:8400/live.js:4625
[  264112ms] [LOG] [impeccable] SSE connection lost. Retry 1/20... @ http://localhost:8400/live.js:4695
[  264185ms] [INFO] %cDownload the React DevTools for a better development experience: https://react.dev/link/react-devtools font-weight:bold @ http://localhost:5173/node_modules/.vite/deps/react-dom_client.js?v=e42ceb9e:14336
[  264230ms] [LOG] [impeccable] Live variant mode ready. Hover over elements to pick one. @ http://localhost:8400/live.js:8761
[  264520ms] [LOG] [impeccable] Live mode connected. @ http://localhost:8400/live.js:4625
[  264876ms] [LOG] [impeccable] SSE connection lost. Retry 1/20... @ http://localhost:8400/live.js:4695
[  264946ms] [INFO] %cDownload the React DevTools for a better development experience: https://react.dev/link/react-devtools font-weight:bold @ http://localhost:5173/node_modules/.vite/deps/react-dom_client.js?v=e42ceb9e:14336
[  264990ms] [LOG] [impeccable] Live variant mode ready. Hover over elements to pick one. @ http://localhost:8400/live.js:8761
[  265280ms] [LOG] [impeccable] Live mode connected. @ http://localhost:8400/live.js:4625
[  265640ms] [LOG] [impeccable] SSE connection lost. Retry 1/20... @ http://localhost:8400/live.js:4695
[  265709ms] [INFO] %cDownload the React DevTools for a better development experience: https://react.dev/link/react-devtools font-weight:bold @ http://localhost:5173/node_modules/.vite/deps/react-dom_client.js?v=e42ceb9e:14336
[  265753ms] [LOG] [impeccable] Live variant mode ready. Hover over elements to pick one. @ http://localhost:8400/live.js:8761
[  266038ms] [LOG] [impeccable] Live mode connected. @ http://localhost:8400/live.js:4625
[  266395ms] [LOG] [impeccable] SSE connection lost. Retry 1/20... @ http://localhost:8400/live.js:4695
[  266470ms] [INFO] %cDownload the React DevTools for a better development experience: https://react.dev/link/react-devtools font-weight:bold @ http://localhost:5173/node_modules/.vite/deps/react-dom_client.js?v=e42ceb9e:14336
[  266513ms] [LOG] [impeccable] Live variant mode ready. Hover over elements to pick one. @ http://localhost:8400/live.js:8761
[  266818ms] [LOG] [impeccable] Live mode connected. @ http://localhost:8400/live.js:4625
[  267175ms] [LOG] [impeccable] SSE connection lost. Retry 1/20... @ http://localhost:8400/live.js:4695
[  267250ms] [INFO] %cDownload the React DevTools for a better development experience: https://react.dev/link/react-devtools font-weight:bold @ http://localhost:5173/node_modules/.vite/deps/react-dom_client.js?v=e42ceb9e:14336
[  267293ms] [LOG] [impeccable] Live variant mode ready. Hover over elements to pick one. @ http://localhost:8400/live.js:8761
[  267571ms] [LOG] [impeccable] Live mode connected. @ http://localhost:8400/live.js:4625
[  267924ms] [LOG] [impeccable] SSE connection lost. Retry 1/20... @ http://localhost:8400/live.js:4695
[  267998ms] [INFO] %cDownload the React DevTools for a better development experience: https://react.dev/link/react-devtools font-weight:bold @ http://localhost:5173/node_modules/.vite/deps/react-dom_client.js?v=e42ceb9e:14336
[  268043ms] [LOG] [impeccable] Live variant mode ready. Hover over elements to pick one. @ http://localhost:8400/live.js:8761
[  268329ms] [LOG] [impeccable] Live mode connected. @ http://localhost:8400/live.js:4625
[  268686ms] [LOG] [impeccable] SSE connection lost. Retry 1/20... @ http://localhost:8400/live.js:4695
[  268756ms] [INFO] %cDownload the React DevTools for a better development experience: https://react.dev/link/react-devtools font-weight:bold @ http://localhost:5173/node_modules/.vite/deps/react-dom_client.js?v=e42ceb9e:14336
[  268798ms] [LOG] [impeccable] Live variant mode ready. Hover over elements to pick one. @ http://localhost:8400/live.js:8761
[  269078ms] [LOG] [impeccable] Live mode connected. @ http://localhost:8400/live.js:4625
[  269434ms] [LOG] [impeccable] SSE connection lost. Retry 1/20... @ http://localhost:8400/live.js:4695
[  269512ms] [INFO] %cDownload the React DevTools for a better development experience: https://react.dev/link/react-devtools font-weight:bold @ http://localhost:5173/node_modules/.vite/deps/react-dom_client.js?v=e42ceb9e:14336
[  269559ms] [LOG] [impeccable] Live variant mode ready. Hover over elements to pick one. @ http://localhost:8400/live.js:8761
[  269840ms] [LOG] [impeccable] Live mode connected. @ http://localhost:8400/live.js:4625
[  270206ms] [LOG] [impeccable] SSE connection lost. Retry 1/20... @ http://localhost:8400/live.js:4695
[  270291ms] [INFO] %cDownload the React DevTools for a better development experience: https://react.dev/link/react-devtools font-weight:bold @ http://localhost:5173/node_modules/.vite/deps/react-dom_client.js?v=e42ceb9e:14336
[  270333ms] [LOG] [impeccable] Live variant mode ready. Hover over elements to pick one. @ http://localhost:8400/live.js:8761
[  270624ms] [LOG] [impeccable] Live mode connected. @ http://localhost:8400/live.js:4625
[  270977ms] [LOG] [impeccable] SSE connection lost. Retry 1/20... @ http://localhost:8400/live.js:4695
[  271053ms] [INFO] %cDownload the React DevTools for a better development experience: https://react.dev/link/react-devtools font-weight:bold @ http://localhost:5173/node_modules/.vite/deps/react-dom_client.js?v=e42ceb9e:14336
[  271096ms] [LOG] [impeccable] Live variant mode ready. Hover over elements to pick one. @ http://localhost:8400/live.js:8761
[  271398ms] [LOG] [impeccable] Live mode connected. @ http://localhost:8400/live.js:4625
[  271922ms] [LOG] [impeccable] SSE connection lost. Retry 1/20... @ http://localhost:8400/live.js:4695
[  272193ms] [INFO] %cDownload the React DevTools for a better development experience: https://react.dev/link/react-devtools font-weight:bold @ http://localhost:5173/node_modules/.vite/deps/react-dom_client.js?v=e42ceb9e:14336
[  272252ms] [LOG] [impeccable] Live variant mode ready. Hover over elements to pick one. @ http://localhost:8400/live.js:8761
[  272682ms] [LOG] [impeccable] Live mode connected. @ http://localhost:8400/live.js:4625
[  273247ms] [LOG] [impeccable] SSE connection lost. Retry 1/20... @ http://localhost:8400/live.js:4695
[  273464ms] [INFO] %cDownload the React DevTools for a better development experience: https://react.dev/link/react-devtools font-weight:bold @ http://localhost:5173/node_modules/.vite/deps/react-dom_client.js?v=e42ceb9e:14336
[  273518ms] [LOG] [impeccable] Live variant mode ready. Hover over elements to pick one. @ http://localhost:8400/live.js:8761
[  273964ms] [LOG] [impeccable] Live mode connected. @ http://localhost:8400/live.js:4625
[  274637ms] [LOG] [impeccable] SSE connection lost. Retry 1/20... @ http://localhost:8400/live.js:4695
[  275019ms] [INFO] %cDownload the React DevTools for a better development experience: https://react.dev/link/react-devtools font-weight:bold @ http://localhost:5173/node_modules/.vite/deps/react-dom_client.js?v=e42ceb9e:14336
[  275080ms] [LOG] [impeccable] Live variant mode ready. Hover over elements to pick one. @ http://localhost:8400/live.js:8761
[  275465ms] [LOG] [impeccable] Live mode connected. @ http://localhost:8400/live.js:4625
[  275944ms] [LOG] [impeccable] SSE connection lost. Retry 1/20... @ http://localhost:8400/live.js:4695
[  276165ms] [INFO] %cDownload the React DevTools for a better development experience: https://react.dev/link/react-devtools font-weight:bold @ http://localhost:5173/node_modules/.vite/deps/react-dom_client.js?v=e42ceb9e:14336
[  276218ms] [LOG] [impeccable] Live variant mode ready. Hover over elements to pick one. @ http://localhost:8400/live.js:8761
[  276627ms] [LOG] [impeccable] Live mode connected. @ http://localhost:8400/live.js:4625
[  277097ms] [LOG] [impeccable] SSE connection lost. Retry 1/20... @ http://localhost:8400/live.js:4695
[  277345ms] [INFO] %cDownload the React DevTools for a better development experience: https://react.dev/link/react-devtools font-weight:bold @ http://localhost:5173/node_modules/.vite/deps/react-dom_client.js?v=e42ceb9e:14336
[  277410ms] [LOG] [impeccable] Live variant mode ready. Hover over elements to pick one. @ http://localhost:8400/live.js:8761
[  277829ms] [LOG] [impeccable] Live mode connected. @ http://localhost:8400/live.js:4625
[  278206ms] [LOG] [impeccable] SSE connection lost. Retry 1/20... @ http://localhost:8400/live.js:4695
[  278319ms] [INFO] %cDownload the React DevTools for a better development experience: https://react.dev/link/react-devtools font-weight:bold @ http://localhost:5173/node_modules/.vite/deps/react-dom_client.js?v=e42ceb9e:14336
[  278363ms] [LOG] [impeccable] Live variant mode ready. Hover over elements to pick one. @ http://localhost:8400/live.js:8761
[  278657ms] [LOG] [impeccable] Live mode connected. @ http://localhost:8400/live.js:4625
[  279017ms] [LOG] [impeccable] SSE connection lost. Retry 1/20... @ http://localhost:8400/live.js:4695
[  279103ms] [INFO] %cDownload the React DevTools for a better development experience: https://react.dev/link/react-devtools font-weight:bold @ http://localhost:5173/node_modules/.vite/deps/react-dom_client.js?v=e42ceb9e:14336
[  279147ms] [LOG] [impeccable] Live variant mode ready. Hover over elements to pick one. @ http://localhost:8400/live.js:8761
[  279431ms] [LOG] [impeccable] Live mode connected. @ http://localhost:8400/live.js:4625
[  279782ms] [LOG] [impeccable] SSE connection lost. Retry 1/20... @ http://localhost:8400/live.js:4695
[  279862ms] [INFO] %cDownload the React DevTools for a better development experience: https://react.dev/link/react-devtools font-weight:bold @ http://localhost:5173/node_modules/.vite/deps/react-dom_client.js?v=e42ceb9e:14336
[  279906ms] [LOG] [impeccable] Live variant mode ready. Hover over elements to pick one. @ http://localhost:8400/live.js:8761
[  280184ms] [LOG] [impeccable] Live mode connected. @ http://localhost:8400/live.js:4625
[  280538ms] [LOG] [impeccable] SSE connection lost. Retry 1/20... @ http://localhost:8400/live.js:4695
[  280617ms] [INFO] %cDownload the React DevTools for a better development experience: https://react.dev/link/react-devtools font-weight:bold @ http://localhost:5173/node_modules/.vite/deps/react-dom_client.js?v=e42ceb9e:14336
[  280662ms] [LOG] [impeccable] Live variant mode ready. Hover over elements to pick one. @ http://localhost:8400/live.js:8761
[  280945ms] [LOG] [impeccable] Live mode connected. @ http://localhost:8400/live.js:4625
[  281302ms] [LOG] [impeccable] SSE connection lost. Retry 1/20... @ http://localhost:8400/live.js:4695
[  281377ms] [INFO] %cDownload the React DevTools for a better development experience: https://react.dev/link/react-devtools font-weight:bold @ http://localhost:5173/node_modules/.vite/deps/react-dom_client.js?v=e42ceb9e:14336
[  281421ms] [LOG] [impeccable] Live variant mode ready. Hover over elements to pick one. @ http://localhost:8400/live.js:8761
[  281703ms] [LOG] [impeccable] Live mode connected. @ http://localhost:8400/live.js:4625
[  282062ms] [LOG] [impeccable] SSE connection lost. Retry 1/20... @ http://localhost:8400/live.js:4695
[  282141ms] [INFO] %cDownload the React DevTools for a better development experience: https://react.dev/link/react-devtools font-weight:bold @ http://localhost:5173/node_modules/.vite/deps/react-dom_client.js?v=e42ceb9e:14336
[  282186ms] [LOG] [impeccable] Live variant mode ready. Hover over elements to pick one. @ http://localhost:8400/live.js:8761
[  282465ms] [LOG] [impeccable] Live mode connected. @ http://localhost:8400/live.js:4625
[  282819ms] [LOG] [impeccable] SSE connection lost. Retry 1/20... @ http://localhost:8400/live.js:4695
[  282897ms] [INFO] %cDownload the React DevTools for a better development experience: https://react.dev/link/react-devtools font-weight:bold @ http://localhost:5173/node_modules/.vite/deps/react-dom_client.js?v=e42ceb9e:14336
[  282942ms] [LOG] [impeccable] Live variant mode ready. Hover over elements to pick one. @ http://localhost:8400/live.js:8761
[  283220ms] [LOG] [impeccable] Live mode connected. @ http://localhost:8400/live.js:4625
[  283581ms] [LOG] [impeccable] SSE connection lost. Retry 1/20... @ http://localhost:8400/live.js:4695
[  283650ms] [INFO] %cDownload the React DevTools for a better development experience: https://react.dev/link/react-devtools font-weight:bold @ http://localhost:5173/node_modules/.vite/deps/react-dom_client.js?v=e42ceb9e:14336
[  283694ms] [LOG] [impeccable] Live variant mode ready. Hover over elements to pick one. @ http://localhost:8400/live.js:8761
[  283974ms] [LOG] [impeccable] Live mode connected. @ http://localhost:8400/live.js:4625
[  284332ms] [LOG] [impeccable] SSE connection lost. Retry 1/20... @ http://localhost:8400/live.js:4695
[  284404ms] [INFO] %cDownload the React DevTools for a better development experience: https://react.dev/link/react-devtools font-weight:bold @ http://localhost:5173/node_modules/.vite/deps/react-dom_client.js?v=e42ceb9e:14336
[  284448ms] [LOG] [impeccable] Live variant mode ready. Hover over elements to pick one. @ http://localhost:8400/live.js:8761
[  284732ms] [LOG] [impeccable] Live mode connected. @ http://localhost:8400/live.js:4625
[  285087ms] [LOG] [impeccable] SSE connection lost. Retry 1/20... @ http://localhost:8400/live.js:4695
[  285158ms] [INFO] %cDownload the React DevTools for a better development experience: https://react.dev/link/react-devtools font-weight:bold @ http://localhost:5173/node_modules/.vite/deps/react-dom_client.js?v=e42ceb9e:14336
[  285200ms] [LOG] [impeccable] Live variant mode ready. Hover over elements to pick one. @ http://localhost:8400/live.js:8761
[  285483ms] [LOG] [impeccable] Live mode connected. @ http://localhost:8400/live.js:4625
[  285838ms] [LOG] [impeccable] SSE connection lost. Retry 1/20... @ http://localhost:8400/live.js:4695
[  285909ms] [INFO] %cDownload the React DevTools for a better development experience: https://react.dev/link/react-devtools font-weight:bold @ http://localhost:5173/node_modules/.vite/deps/react-dom_client.js?v=e42ceb9e:14336
[  285956ms] [LOG] [impeccable] Live variant mode ready. Hover over elements to pick one. @ http://localhost:8400/live.js:8761
[  286239ms] [LOG] [impeccable] Live mode connected. @ http://localhost:8400/live.js:4625
[  286595ms] [LOG] [impeccable] SSE connection lost. Retry 1/20... @ http://localhost:8400/live.js:4695
[  286663ms] [INFO] %cDownload the React DevTools for a better development experience: https://react.dev/link/react-devtools font-weight:bold @ http://localhost:5173/node_modules/.vite/deps/react-dom_client.js?v=e42ceb9e:14336
[  286706ms] [LOG] [impeccable] Live variant mode ready. Hover over elements to pick one. @ http://localhost:8400/live.js:8761
[  286990ms] [LOG] [impeccable] Live mode connected. @ http://localhost:8400/live.js:4625
[  287355ms] [LOG] [impeccable] SSE connection lost. Retry 1/20... @ http://localhost:8400/live.js:4695
[  287433ms] [INFO] %cDownload the React DevTools for a better development experience: https://react.dev/link/react-devtools font-weight:bold @ http://localhost:5173/node_modules/.vite/deps/react-dom_client.js?v=e42ceb9e:14336
[  287478ms] [LOG] [impeccable] Live variant mode ready. Hover over elements to pick one. @ http://localhost:8400/live.js:8761
[  287755ms] [LOG] [impeccable] Live mode connected. @ http://localhost:8400/live.js:4625
[  288104ms] [LOG] [impeccable] SSE connection lost. Retry 1/20... @ http://localhost:8400/live.js:4695
[  288178ms] [INFO] %cDownload the React DevTools for a better development experience: https://react.dev/link/react-devtools font-weight:bold @ http://localhost:5173/node_modules/.vite/deps/react-dom_client.js?v=e42ceb9e:14336
[  288222ms] [LOG] [impeccable] Live variant mode ready. Hover over elements to pick one. @ http://localhost:8400/live.js:8761
[  288501ms] [LOG] [impeccable] Live mode connected. @ http://localhost:8400/live.js:4625
[  288859ms] [LOG] [impeccable] SSE connection lost. Retry 1/20... @ http://localhost:8400/live.js:4695
[  288927ms] [INFO] %cDownload the React DevTools for a better development experience: https://react.dev/link/react-devtools font-weight:bold @ http://localhost:5173/node_modules/.vite/deps/react-dom_client.js?v=e42ceb9e:14336
[  288970ms] [LOG] [impeccable] Live variant mode ready. Hover over elements to pick one. @ http://localhost:8400/live.js:8761
[  289246ms] [LOG] [impeccable] Live mode connected. @ http://localhost:8400/live.js:4625
[  289607ms] [LOG] [impeccable] SSE connection lost. Retry 1/20... @ http://localhost:8400/live.js:4695
[  289683ms] [INFO] %cDownload the React DevTools for a better development experience: https://react.dev/link/react-devtools font-weight:bold @ http://localhost:5173/node_modules/.vite/deps/react-dom_client.js?v=e42ceb9e:14336
[  289731ms] [LOG] [impeccable] Live variant mode ready. Hover over elements to pick one. @ http://localhost:8400/live.js:8761
[  290018ms] [LOG] [impeccable] Live mode connected. @ http://localhost:8400/live.js:4625
[  290374ms] [LOG] [impeccable] SSE connection lost. Retry 1/20... @ http://localhost:8400/live.js:4695
[  290445ms] [INFO] %cDownload the React DevTools for a better development experience: https://react.dev/link/react-devtools font-weight:bold @ http://localhost:5173/node_modules/.vite/deps/react-dom_client.js?v=e42ceb9e:14336
[  290490ms] [LOG] [impeccable] Live variant mode ready. Hover over elements to pick one. @ http://localhost:8400/live.js:8761
[  290772ms] [LOG] [impeccable] Live mode connected. @ http://localhost:8400/live.js:4625
[  291129ms] [LOG] [impeccable] SSE connection lost. Retry 1/20... @ http://localhost:8400/live.js:4695
[  291197ms] [INFO] %cDownload the React DevTools for a better development experience: https://react.dev/link/react-devtools font-weight:bold @ http://localhost:5173/node_modules/.vite/deps/react-dom_client.js?v=e42ceb9e:14336
[  291240ms] [LOG] [impeccable] Live variant mode ready. Hover over elements to pick one. @ http://localhost:8400/live.js:8761
[  291525ms] [LOG] [impeccable] Live mode connected. @ http://localhost:8400/live.js:4625
[  291890ms] [LOG] [impeccable] SSE connection lost. Retry 1/20... @ http://localhost:8400/live.js:4695
[  291962ms] [INFO] %cDownload the React DevTools for a better development experience: https://react.dev/link/react-devtools font-weight:bold @ http://localhost:5173/node_modules/.vite/deps/react-dom_client.js?v=e42ceb9e:14336
[  292009ms] [LOG] [impeccable] Live variant mode ready. Hover over elements to pick one. @ http://localhost:8400/live.js:8761
[  292288ms] [LOG] [impeccable] Live mode connected. @ http://localhost:8400/live.js:4625
[  292644ms] [LOG] [impeccable] SSE connection lost. Retry 1/20... @ http://localhost:8400/live.js:4695
[  292722ms] [INFO] %cDownload the React DevTools for a better development experience: https://react.dev/link/react-devtools font-weight:bold @ http://localhost:5173/node_modules/.vite/deps/react-dom_client.js?v=e42ceb9e:14336
[  292766ms] [LOG] [impeccable] Live variant mode ready. Hover over elements to pick one. @ http://localhost:8400/live.js:8761
[  293049ms] [LOG] [impeccable] Live mode connected. @ http://localhost:8400/live.js:4625
[  293411ms] [LOG] [impeccable] SSE connection lost. Retry 1/20... @ http://localhost:8400/live.js:4695
[  293496ms] [INFO] %cDownload the React DevTools for a better development experience: https://react.dev/link/react-devtools font-weight:bold @ http://localhost:5173/node_modules/.vite/deps/react-dom_client.js?v=e42ceb9e:14336
[  293542ms] [LOG] [impeccable] Live variant mode ready. Hover over elements to pick one. @ http://localhost:8400/live.js:8761
[  293821ms] [LOG] [impeccable] Live mode connected. @ http://localhost:8400/live.js:4625
[  294171ms] [LOG] [impeccable] SSE connection lost. Retry 1/20... @ http://localhost:8400/live.js:4695
[  294250ms] [INFO] %cDownload the React DevTools for a better development experience: https://react.dev/link/react-devtools font-weight:bold @ http://localhost:5173/node_modules/.vite/deps/react-dom_client.js?v=e42ceb9e:14336
[  294294ms] [LOG] [impeccable] Live variant mode ready. Hover over elements to pick one. @ http://localhost:8400/live.js:8761
[  294577ms] [LOG] [impeccable] Live mode connected. @ http://localhost:8400/live.js:4625
[  294936ms] [LOG] [impeccable] SSE connection lost. Retry 1/20... @ http://localhost:8400/live.js:4695
[  295015ms] [INFO] %cDownload the React DevTools for a better development experience: https://react.dev/link/react-devtools font-weight:bold @ http://localhost:5173/node_modules/.vite/deps/react-dom_client.js?v=e42ceb9e:14336
[  295057ms] [LOG] [impeccable] Live variant mode ready. Hover over elements to pick one. @ http://localhost:8400/live.js:8761
[  295342ms] [LOG] [impeccable] Live mode connected. @ http://localhost:8400/live.js:4625
[  295697ms] [LOG] [impeccable] SSE connection lost. Retry 1/20... @ http://localhost:8400/live.js:4695
[  295770ms] [INFO] %cDownload the React DevTools for a better development experience: https://react.dev/link/react-devtools font-weight:bold @ http://localhost:5173/node_modules/.vite/deps/react-dom_client.js?v=e42ceb9e:14336
[  295814ms] [LOG] [impeccable] Live variant mode ready. Hover over elements to pick one. @ http://localhost:8400/live.js:8761
[  296100ms] [LOG] [impeccable] Live mode connected. @ http://localhost:8400/live.js:4625
[  296457ms] [LOG] [impeccable] SSE connection lost. Retry 1/20... @ http://localhost:8400/live.js:4695
[  296528ms] [INFO] %cDownload the React DevTools for a better development experience: https://react.dev/link/react-devtools font-weight:bold @ http://localhost:5173/node_modules/.vite/deps/react-dom_client.js?v=e42ceb9e:14336
[  296573ms] [LOG] [impeccable] Live variant mode ready. Hover over elements to pick one. @ http://localhost:8400/live.js:8761
[  296865ms] [LOG] [impeccable] Live mode connected. @ http://localhost:8400/live.js:4625
[  297220ms] [LOG] [impeccable] SSE connection lost. Retry 1/20... @ http://localhost:8400/live.js:4695
[  297297ms] [INFO] %cDownload the React DevTools for a better development experience: https://react.dev/link/react-devtools font-weight:bold @ http://localhost:5173/node_modules/.vite/deps/react-dom_client.js?v=e42ceb9e:14336
[  297342ms] [LOG] [impeccable] Live variant mode ready. Hover over elements to pick one. @ http://localhost:8400/live.js:8761
[  297627ms] [LOG] [impeccable] Live mode connected. @ http://localhost:8400/live.js:4625
[  297989ms] [LOG] [impeccable] SSE connection lost. Retry 1/20... @ http://localhost:8400/live.js:4695
[  298060ms] [INFO] %cDownload the React DevTools for a better development experience: https://react.dev/link/react-devtools font-weight:bold @ http://localhost:5173/node_modules/.vite/deps/react-dom_client.js?v=e42ceb9e:14336
[  298103ms] [LOG] [impeccable] Live variant mode ready. Hover over elements to pick one. @ http://localhost:8400/live.js:8761
[  298384ms] [LOG] [impeccable] Live mode connected. @ http://localhost:8400/live.js:4625
[  299176ms] [LOG] [impeccable] SSE connection lost. Retry 1/20... @ http://localhost:8400/live.js:4695
[  299398ms] [INFO] %cDownload the React DevTools for a better development experience: https://react.dev/link/react-devtools font-weight:bold @ http://localhost:5173/node_modules/.vite/deps/react-dom_client.js?v=e42ceb9e:14336
[  299451ms] [LOG] [impeccable] Live variant mode ready. Hover over elements to pick one. @ http://localhost:8400/live.js:8761
[  299882ms] [LOG] [impeccable] Live mode connected. @ http://localhost:8400/live.js:4625
[  300330ms] [LOG] [impeccable] SSE connection lost. Retry 1/20... @ http://localhost:8400/live.js:4695
[  300568ms] [INFO] %cDownload the React DevTools for a better development experience: https://react.dev/link/react-devtools font-weight:bold @ http://localhost:5173/node_modules/.vite/deps/react-dom_client.js?v=e42ceb9e:14336
[  300625ms] [LOG] [impeccable] Live variant mode ready. Hover over elements to pick one. @ http://localhost:8400/live.js:8761
[  301043ms] [LOG] [impeccable] Live mode connected. @ http://localhost:8400/live.js:4625
[  301487ms] [LOG] [impeccable] SSE connection lost. Retry 1/20... @ http://localhost:8400/live.js:4695
[  301729ms] [INFO] %cDownload the React DevTools for a better development experience: https://react.dev/link/react-devtools font-weight:bold @ http://localhost:5173/node_modules/.vite/deps/react-dom_client.js?v=e42ceb9e:14336
[  301783ms] [LOG] [impeccable] Live variant mode ready. Hover over elements to pick one. @ http://localhost:8400/live.js:8761
[  302176ms] [LOG] [impeccable] Live mode connected. @ http://localhost:8400/live.js:4625
[  302547ms] [LOG] [impeccable] SSE connection lost. Retry 1/20... @ http://localhost:8400/live.js:4695
[  302654ms] [INFO] %cDownload the React DevTools for a better development experience: https://react.dev/link/react-devtools font-weight:bold @ http://localhost:5173/node_modules/.vite/deps/react-dom_client.js?v=e42ceb9e:14336
[  302698ms] [LOG] [impeccable] Live variant mode ready. Hover over elements to pick one. @ http://localhost:8400/live.js:8761
[  302975ms] [LOG] [impeccable] Live mode connected. @ http://localhost:8400/live.js:4625
[  303331ms] [LOG] [impeccable] SSE connection lost. Retry 1/20... @ http://localhost:8400/live.js:4695
[  303409ms] [INFO] %cDownload the React DevTools for a better development experience: https://react.dev/link/react-devtools font-weight:bold @ http://localhost:5173/node_modules/.vite/deps/react-dom_client.js?v=e42ceb9e:14336
[  303451ms] [LOG] [impeccable] Live variant mode ready. Hover over elements to pick one. @ http://localhost:8400/live.js:8761
[  303732ms] [LOG] [impeccable] Live mode connected. @ http://localhost:8400/live.js:4625
[  304087ms] [LOG] [impeccable] SSE connection lost. Retry 1/20... @ http://localhost:8400/live.js:4695
[  304160ms] [INFO] %cDownload the React DevTools for a better development experience: https://react.dev/link/react-devtools font-weight:bold @ http://localhost:5173/node_modules/.vite/deps/react-dom_client.js?v=e42ceb9e:14336
[  304203ms] [LOG] [impeccable] Live variant mode ready. Hover over elements to pick one. @ http://localhost:8400/live.js:8761
[  304478ms] [LOG] [impeccable] Live mode connected. @ http://localhost:8400/live.js:4625
[  304837ms] [LOG] [impeccable] SSE connection lost. Retry 1/20... @ http://localhost:8400/live.js:4695
[  304906ms] [INFO] %cDownload the React DevTools for a better development experience: https://react.dev/link/react-devtools font-weight:bold @ http://localhost:5173/node_modules/.vite/deps/react-dom_client.js?v=e42ceb9e:14336
[  304950ms] [LOG] [impeccable] Live variant mode ready. Hover over elements to pick one. @ http://localhost:8400/live.js:8761
[  305230ms] [LOG] [impeccable] Live mode connected. @ http://localhost:8400/live.js:4625
[  305593ms] [LOG] [impeccable] SSE connection lost. Retry 1/20... @ http://localhost:8400/live.js:4695
[  305660ms] [INFO] %cDownload the React DevTools for a better development experience: https://react.dev/link/react-devtools font-weight:bold @ http://localhost:5173/node_modules/.vite/deps/react-dom_client.js?v=e42ceb9e:14336
[  305704ms] [LOG] [impeccable] Live variant mode ready. Hover over elements to pick one. @ http://localhost:8400/live.js:8761
[  305984ms] [LOG] [impeccable] Live mode connected. @ http://localhost:8400/live.js:4625
[  306340ms] [LOG] [impeccable] SSE connection lost. Retry 1/20... @ http://localhost:8400/live.js:4695
[  306413ms] [INFO] %cDownload the React DevTools for a better development experience: https://react.dev/link/react-devtools font-weight:bold @ http://localhost:5173/node_modules/.vite/deps/react-dom_client.js?v=e42ceb9e:14336
[  306458ms] [LOG] [impeccable] Live variant mode ready. Hover over elements to pick one. @ http://localhost:8400/live.js:8761
[  306761ms] [LOG] [impeccable] Live mode connected. @ http://localhost:8400/live.js:4625
[  307122ms] [LOG] [impeccable] SSE connection lost. Retry 1/20... @ http://localhost:8400/live.js:4695
[  307191ms] [INFO] %cDownload the React DevTools for a better development experience: https://react.dev/link/react-devtools font-weight:bold @ http://localhost:5173/node_modules/.vite/deps/react-dom_client.js?v=e42ceb9e:14336
[  307234ms] [LOG] [impeccable] Live variant mode ready. Hover over elements to pick one. @ http://localhost:8400/live.js:8761
[  307505ms] [LOG] [impeccable] Live mode connected. @ http://localhost:8400/live.js:4625
[  307869ms] [LOG] [impeccable] SSE connection lost. Retry 1/20... @ http://localhost:8400/live.js:4695
[  307939ms] [INFO] %cDownload the React DevTools for a better development experience: https://react.dev/link/react-devtools font-weight:bold @ http://localhost:5173/node_modules/.vite/deps/react-dom_client.js?v=e42ceb9e:14336
[  307983ms] [LOG] [impeccable] Live variant mode ready. Hover over elements to pick one. @ http://localhost:8400/live.js:8761
[  308250ms] [LOG] [impeccable] Live mode connected. @ http://localhost:8400/live.js:4625
[  308612ms] [LOG] [impeccable] SSE connection lost. Retry 1/20... @ http://localhost:8400/live.js:4695
[  308692ms] [INFO] %cDownload the React DevTools for a better development experience: https://react.dev/link/react-devtools font-weight:bold @ http://localhost:5173/node_modules/.vite/deps/react-dom_client.js?v=e42ceb9e:14336
[  308735ms] [LOG] [impeccable] Live variant mode ready. Hover over elements to pick one. @ http://localhost:8400/live.js:8761
[  309006ms] [LOG] [impeccable] Live mode connected. @ http://localhost:8400/live.js:4625
[  309364ms] [LOG] [impeccable] SSE connection lost. Retry 1/20... @ http://localhost:8400/live.js:4695
[  309434ms] [INFO] %cDownload the React DevTools for a better development experience: https://react.dev/link/react-devtools font-weight:bold @ http://localhost:5173/node_modules/.vite/deps/react-dom_client.js?v=e42ceb9e:14336
[  309477ms] [LOG] [impeccable] Live variant mode ready. Hover over elements to pick one. @ http://localhost:8400/live.js:8761
[  309749ms] [LOG] [impeccable] Live mode connected. @ http://localhost:8400/live.js:4625
[  310109ms] [LOG] [impeccable] SSE connection lost. Retry 1/20... @ http://localhost:8400/live.js:4695
[  310180ms] [INFO] %cDownload the React DevTools for a better development experience: https://react.dev/link/react-devtools font-weight:bold @ http://localhost:5173/node_modules/.vite/deps/react-dom_client.js?v=e42ceb9e:14336
[  310223ms] [LOG] [impeccable] Live variant mode ready. Hover over elements to pick one. @ http://localhost:8400/live.js:8761
[  310502ms] [LOG] [impeccable] Live mode connected. @ http://localhost:8400/live.js:4625
[  310859ms] [LOG] [impeccable] SSE connection lost. Retry 1/20... @ http://localhost:8400/live.js:4695
[  310929ms] [INFO] %cDownload the React DevTools for a better development experience: https://react.dev/link/react-devtools font-weight:bold @ http://localhost:5173/node_modules/.vite/deps/react-dom_client.js?v=e42ceb9e:14336
[  310972ms] [LOG] [impeccable] Live variant mode ready. Hover over elements to pick one. @ http://localhost:8400/live.js:8761
[  311247ms] [LOG] [impeccable] Live mode connected. @ http://localhost:8400/live.js:4625
[  311620ms] [LOG] [impeccable] SSE connection lost. Retry 1/20... @ http://localhost:8400/live.js:4695
[  311746ms] [INFO] %cDownload the React DevTools for a better development experience: https://react.dev/link/react-devtools font-weight:bold @ http://localhost:5173/node_modules/.vite/deps/react-dom_client.js?v=e42ceb9e:14336
[  311798ms] [LOG] [impeccable] Live variant mode ready. Hover over elements to pick one. @ http://localhost:8400/live.js:8761
[  312090ms] [LOG] [impeccable] Live mode connected. @ http://localhost:8400/live.js:4625
[  312446ms] [LOG] [impeccable] SSE connection lost. Retry 1/20... @ http://localhost:8400/live.js:4695
[  312516ms] [INFO] %cDownload the React DevTools for a better development experience: https://react.dev/link/react-devtools font-weight:bold @ http://localhost:5173/node_modules/.vite/deps/react-dom_client.js?v=e42ceb9e:14336
[  312559ms] [LOG] [impeccable] Live variant mode ready. Hover over elements to pick one. @ http://localhost:8400/live.js:8761
[  312832ms] [LOG] [impeccable] Live mode connected. @ http://localhost:8400/live.js:4625
[  313191ms] [LOG] [impeccable] SSE connection lost. Retry 1/20... @ http://localhost:8400/live.js:4695
[  313259ms] [INFO] %cDownload the React DevTools for a better development experience: https://react.dev/link/react-devtools font-weight:bold @ http://localhost:5173/node_modules/.vite/deps/react-dom_client.js?v=e42ceb9e:14336
[  313300ms] [LOG] [impeccable] Live variant mode ready. Hover over elements to pick one. @ http://localhost:8400/live.js:8761
[  313575ms] [LOG] [impeccable] Live mode connected. @ http://localhost:8400/live.js:4625
[  313935ms] [LOG] [impeccable] SSE connection lost. Retry 1/20... @ http://localhost:8400/live.js:4695
[  314009ms] [INFO] %cDownload the React DevTools for a better development experience: https://react.dev/link/react-devtools font-weight:bold @ http://localhost:5173/node_modules/.vite/deps/react-dom_client.js?v=e42ceb9e:14336
[  314049ms] [LOG] [impeccable] Live variant mode ready. Hover over elements to pick one. @ http://localhost:8400/live.js:8761
[  314316ms] [LOG] [impeccable] Live mode connected. @ http://localhost:8400/live.js:4625
[  314683ms] [LOG] [impeccable] SSE connection lost. Retry 1/20... @ http://localhost:8400/live.js:4695
[  314750ms] [INFO] %cDownload the React DevTools for a better development experience: https://react.dev/link/react-devtools font-weight:bold @ http://localhost:5173/node_modules/.vite/deps/react-dom_client.js?v=e42ceb9e:14336
[  314795ms] [LOG] [impeccable] Live variant mode ready. Hover over elements to pick one. @ http://localhost:8400/live.js:8761
[  315069ms] [LOG] [impeccable] Live mode connected. @ http://localhost:8400/live.js:4625
[  315428ms] [LOG] [impeccable] SSE connection lost. Retry 1/20... @ http://localhost:8400/live.js:4695
[  315498ms] [INFO] %cDownload the React DevTools for a better development experience: https://react.dev/link/react-devtools font-weight:bold @ http://localhost:5173/node_modules/.vite/deps/react-dom_client.js?v=e42ceb9e:14336
[  315541ms] [LOG] [impeccable] Live variant mode ready. Hover over elements to pick one. @ http://localhost:8400/live.js:8761
[  315805ms] [LOG] [impeccable] Live mode connected. @ http://localhost:8400/live.js:4625
[  316162ms] [LOG] [impeccable] SSE connection lost. Retry 1/20... @ http://localhost:8400/live.js:4695
[  316229ms] [INFO] %cDownload the React DevTools for a better development experience: https://react.dev/link/react-devtools font-weight:bold @ http://localhost:5173/node_modules/.vite/deps/react-dom_client.js?v=e42ceb9e:14336
[  316272ms] [LOG] [impeccable] Live variant mode ready. Hover over elements to pick one. @ http://localhost:8400/live.js:8761
[  316548ms] [LOG] [impeccable] Live mode connected. @ http://localhost:8400/live.js:4625
[  316906ms] [LOG] [impeccable] SSE connection lost. Retry 1/20... @ http://localhost:8400/live.js:4695
[  316979ms] [INFO] %cDownload the React DevTools for a better development experience: https://react.dev/link/react-devtools font-weight:bold @ http://localhost:5173/node_modules/.vite/deps/react-dom_client.js?v=e42ceb9e:14336
[  317021ms] [LOG] [impeccable] Live variant mode ready. Hover over elements to pick one. @ http://localhost:8400/live.js:8761
[  317295ms] [LOG] [impeccable] Live mode connected. @ http://localhost:8400/live.js:4625
[  317649ms] [LOG] [impeccable] SSE connection lost. Retry 1/20... @ http://localhost:8400/live.js:4695
[  317711ms] [INFO] %cDownload the React DevTools for a better development experience: https://react.dev/link/react-devtools font-weight:bold @ http://localhost:5173/node_modules/.vite/deps/react-dom_client.js?v=e42ceb9e:14336
[  317766ms] [LOG] [impeccable] Live variant mode ready. Hover over elements to pick one. @ http://localhost:8400/live.js:8761
[  318056ms] [LOG] [impeccable] Live mode connected. @ http://localhost:8400/live.js:4625
[  318416ms] [LOG] [impeccable] SSE connection lost. Retry 1/20... @ http://localhost:8400/live.js:4695
[  318485ms] [INFO] %cDownload the React DevTools for a better development experience: https://react.dev/link/react-devtools font-weight:bold @ http://localhost:5173/node_modules/.vite/deps/react-dom_client.js?v=e42ceb9e:14336
[  318528ms] [LOG] [impeccable] Live variant mode ready. Hover over elements to pick one. @ http://localhost:8400/live.js:8761
[  318808ms] [LOG] [impeccable] Live mode connected. @ http://localhost:8400/live.js:4625
[  319167ms] [LOG] [impeccable] SSE connection lost. Retry 1/20... @ http://localhost:8400/live.js:4695
[  319234ms] [INFO] %cDownload the React DevTools for a better development experience: https://react.dev/link/react-devtools font-weight:bold @ http://localhost:5173/node_modules/.vite/deps/react-dom_client.js?v=e42ceb9e:14336
[  319274ms] [LOG] [impeccable] Live variant mode ready. Hover over elements to pick one. @ http://localhost:8400/live.js:8761
[  319541ms] [LOG] [impeccable] Live mode connected. @ http://localhost:8400/live.js:4625
[  319932ms] [LOG] [impeccable] SSE connection lost. Retry 1/20... @ http://localhost:8400/live.js:4695
[  320114ms] [INFO] %cDownload the React DevTools for a better development experience: https://react.dev/link/react-devtools font-weight:bold @ http://localhost:5173/node_modules/.vite/deps/react-dom_client.js?v=e42ceb9e:14336
[  320164ms] [LOG] [impeccable] Live variant mode ready. Hover over elements to pick one. @ http://localhost:8400/live.js:8761
[  320474ms] [LOG] [impeccable] Live mode connected. @ http://localhost:8400/live.js:4625
[  320894ms] [LOG] [impeccable] SSE connection lost. Retry 1/20... @ http://localhost:8400/live.js:4695
[  321113ms] [INFO] %cDownload the React DevTools for a better development experience: https://react.dev/link/react-devtools font-weight:bold @ http://localhost:5173/node_modules/.vite/deps/react-dom_client.js?v=e42ceb9e:14336
[  321167ms] [LOG] [impeccable] Live variant mode ready. Hover over elements to pick one. @ http://localhost:8400/live.js:8761
[  321470ms] [LOG] [impeccable] Live mode connected. @ http://localhost:8400/live.js:4625
[  321825ms] [LOG] [impeccable] SSE connection lost. Retry 1/20... @ http://localhost:8400/live.js:4695
[  321893ms] [INFO] %cDownload the React DevTools for a better development experience: https://react.dev/link/react-devtools font-weight:bold @ http://localhost:5173/node_modules/.vite/deps/react-dom_client.js?v=e42ceb9e:14336
[  321912ms] [LOG] [impeccable] Live variant mode ready. Hover over elements to pick one. @ http://localhost:8400/live.js:8761
[  322047ms] [LOG] [impeccable] Live mode connected. @ http://localhost:8400/live.js:4625
[  322397ms] [LOG] [impeccable] SSE connection lost. Retry 1/20... @ http://localhost:8400/live.js:4695
[  322475ms] [INFO] %cDownload the React DevTools for a better development experience: https://react.dev/link/react-devtools font-weight:bold @ http://localhost:5173/node_modules/.vite/deps/react-dom_client.js?v=e42ceb9e:14336
[  322497ms] [LOG] [impeccable] Live variant mode ready. Hover over elements to pick one. @ http://localhost:8400/live.js:8761
[  322628ms] [LOG] [impeccable] Live mode connected. @ http://localhost:8400/live.js:4625
[  322980ms] [LOG] [impeccable] SSE connection lost. Retry 1/20... @ http://localhost:8400/live.js:4695
[  323043ms] [INFO] %cDownload the React DevTools for a better development experience: https://react.dev/link/react-devtools font-weight:bold @ http://localhost:5173/node_modules/.vite/deps/react-dom_client.js?v=e42ceb9e:14336
[  323087ms] [LOG] [impeccable] Live variant mode ready. Hover over elements to pick one. @ http://localhost:8400/live.js:8761
[  323355ms] [LOG] [impeccable] Live mode connected. @ http://localhost:8400/live.js:4625
[  323709ms] [LOG] [impeccable] SSE connection lost. Retry 1/20... @ http://localhost:8400/live.js:4695
[  323782ms] [INFO] %cDownload the React DevTools for a better development experience: https://react.dev/link/react-devtools font-weight:bold @ http://localhost:5173/node_modules/.vite/deps/react-dom_client.js?v=e42ceb9e:14336
[  323826ms] [LOG] [impeccable] Live variant mode ready. Hover over elements to pick one. @ http://localhost:8400/live.js:8761
[  324102ms] [LOG] [impeccable] Live mode connected. @ http://localhost:8400/live.js:4625
[  324465ms] [LOG] [impeccable] SSE connection lost. Retry 1/20... @ http://localhost:8400/live.js:4695
[  324535ms] [INFO] %cDownload the React DevTools for a better development experience: https://react.dev/link/react-devtools font-weight:bold @ http://localhost:5173/node_modules/.vite/deps/react-dom_client.js?v=e42ceb9e:14336
[  324579ms] [LOG] [impeccable] Live variant mode ready. Hover over elements to pick one. @ http://localhost:8400/live.js:8761
[  324857ms] [LOG] [impeccable] Live mode connected. @ http://localhost:8400/live.js:4625
[  325242ms] [LOG] [impeccable] SSE connection lost. Retry 1/20... @ http://localhost:8400/live.js:4695
[  325404ms] [INFO] %cDownload the React DevTools for a better development experience: https://react.dev/link/react-devtools font-weight:bold @ http://localhost:5173/node_modules/.vite/deps/react-dom_client.js?v=e42ceb9e:14336
[  325456ms] [LOG] [impeccable] Live variant mode ready. Hover over elements to pick one. @ http://localhost:8400/live.js:8761
[  325751ms] [LOG] [impeccable] Live mode connected. @ http://localhost:8400/live.js:4625
[  326153ms] [LOG] [impeccable] SSE connection lost. Retry 1/20... @ http://localhost:8400/live.js:4695
[  326329ms] [INFO] %cDownload the React DevTools for a better development experience: https://react.dev/link/react-devtools font-weight:bold @ http://localhost:5173/node_modules/.vite/deps/react-dom_client.js?v=e42ceb9e:14336
[  326384ms] [LOG] [impeccable] Live variant mode ready. Hover over elements to pick one. @ http://localhost:8400/live.js:8761
[  326710ms] [LOG] [impeccable] Live mode connected. @ http://localhost:8400/live.js:4625
[  327069ms] [LOG] [impeccable] SSE connection lost. Retry 1/20... @ http://localhost:8400/live.js:4695
[  327143ms] [INFO] %cDownload the React DevTools for a better development experience: https://react.dev/link/react-devtools font-weight:bold @ http://localhost:5173/node_modules/.vite/deps/react-dom_client.js?v=e42ceb9e:14336
[  327184ms] [LOG] [impeccable] Live variant mode ready. Hover over elements to pick one. @ http://localhost:8400/live.js:8761
[  327459ms] [LOG] [impeccable] Live mode connected. @ http://localhost:8400/live.js:4625
[  327817ms] [LOG] [impeccable] SSE connection lost. Retry 1/20... @ http://localhost:8400/live.js:4695
[  327889ms] [INFO] %cDownload the React DevTools for a better development experience: https://react.dev/link/react-devtools font-weight:bold @ http://localhost:5173/node_modules/.vite/deps/react-dom_client.js?v=e42ceb9e:14336
[  327932ms] [LOG] [impeccable] Live variant mode ready. Hover over elements to pick one. @ http://localhost:8400/live.js:8761
[  328211ms] [LOG] [impeccable] Live mode connected. @ http://localhost:8400/live.js:4625
[  328560ms] [LOG] [impeccable] SSE connection lost. Retry 1/20... @ http://localhost:8400/live.js:4695
[  328629ms] [INFO] %cDownload the React DevTools for a better development experience: https://react.dev/link/react-devtools font-weight:bold @ http://localhost:5173/node_modules/.vite/deps/react-dom_client.js?v=e42ceb9e:14336
[  328671ms] [LOG] [impeccable] Live variant mode ready. Hover over elements to pick one. @ http://localhost:8400/live.js:8761
[  328945ms] [LOG] [impeccable] Live mode connected. @ http://localhost:8400/live.js:4625
